id,format,path,topic,language_mode,body_word_count,rare_english,rare_arabic,unique_marker,size_bytes,sha256
1,docx,docx/sample-0001-finance-english.docx,finance,english,200,quincunx,الاستعصاء,wathiqrare0001,37479,95452cc2a4bc5f878c871e068d670b60a4b943524ca62ef3e1aff1f91d7b6177
2,docx,docx/sample-0002-human-resources-arabic.docx,human-resources,arabic,200,zeugma,التبويب,wathiqrare0002,37479,4edbc2fd632be285d88585198a7a83a8815e76c9ac6b29d8945aee208fb63cd8
3,docx,docx/sample-0003-general-administration-mixed.docx,general-administration,mixed,200,syzygy,الاستدامة,wathiqrare0003,37497,a204d0bc1f5a9a1722f56dc4764bcf035bd4c9578a4339b85b03833d61dcae9c
4,docx,docx/sample-0004-asset-management-english.docx,asset-management,english,200,susurrus,الاستدلال,wathiqrare0004,37399,1b584e164b34dbf7b8e49927ab089895f3235e3675104b0a235a151e8fac4f12
5,docx,docx/sample-0005-records-management-arabic.docx,records-management,arabic,200,velleity,الاستقراء,wathiqrare0005,37501,ab0900adf37c3cb42abe818de9d1cbc52d753f43ab7569e4c8ca9512b673bb2d
6,docx,docx/sample-0006-project-management-mixed.docx,project-management,mixed,200,anfractuous,الاستدراك,wathiqrare0006,37526,066a21bea893b1ff126f90e55b635ac75f0c9f87b2a6600ae6c0ce640e538bd9
7,docx,docx/sample-0007-information-technology-english.docx,information-technology,english,200,crepuscular,التغاير,wathiqrare0007,37452,258dd5904efa89db4c6b0ba4c7da64a98e9deeb5b83c4986da5f814051d2d652
8,docx,docx/sample-0008-procurement-arabic.docx,procurement,arabic,200,psithurism,التماثل,wathiqrare0008,37437,9a2dda74c4545b994f93200ab602a01c90caf15001179bbe37295569a0854c86
9,docx,docx/sample-0009-finance-mixed.docx,finance,mixed,200,ultracrepidarian,المضاهاة,wathiqrare0009,37590,27817f44bd7bf2f6a86f247b83c6642029687602ea963b771cdd763a7d7911d6
10,docx,docx/sample-0010-human-resources-english.docx,human-resources,english,200,palimpsest,الاستيثاق,wathiqrare0010,37480,76eb1b5a9c7ed6eaba98b7630733e8729f11943c456293bc20cb7c17a6a356a5
11,docx,docx/sample-0011-general-administration-arabic.docx,general-administration,arabic,200,quincunx,الاستعصاء,wathiqrare0011,37451,898e6d62ee6e61992cfdfc42488b2a3f05a0e098aa3cb9564978ed294a7b275b
12,docx,docx/sample-0012-asset-management-mixed.docx,asset-management,mixed,200,zeugma,التبويب,wathiqrare0012,37505,254b83beed944c89d707e8aceff39681e7628bd673ff7f785540bd0c5a9d7d8b
13,docx,docx/sample-0013-records-management-english.docx,records-management,english,200,syzygy,الاستدامة,wathiqrare0013,37456,dc11e1747306c8fa266cf42f6a5b1c497c6f43f99409952221e37aec328b015e
14,docx,docx/sample-0014-project-management-arabic.docx,project-management,arabic,200,susurrus,الاستدلال,wathiqrare0014,37447,e948ad8fffcd94000e7d90e66bee8d6c0593740c121310be6cee9300d0e21898
15,docx,docx/sample-0015-information-technology-mixed.docx,information-technology,mixed,200,velleity,الاستقراء,wathiqrare0015,37555,62f2c2084c0f15a40278bcce98268e50ec9e9e3630a2fdfe3d58a37047d91c91
16,docx,docx/sample-0016-procurement-english.docx,procurement,english,200,anfractuous,الاستدراك,wathiqrare0016,37423,fc12fe9f08b25272d9b377eb3e982665b0a448f46a234c45d9fcfc7612056061
17,docx,docx/sample-0017-finance-arabic.docx,finance,arabic,200,crepuscular,التغاير,wathiqrare0017,37496,b0a5ad9facb15190bfcd0fc6b7ab9289f86a7f4513da8d183a452e0981508d9a
18,docx,docx/sample-0018-human-resources-mixed.docx,human-resources,mixed,200,psithurism,التماثل,wathiqrare0018,37575,7d2e714b02a2327ba226507ae16bc7b586a7c8211c79cbf92da239a265a3f1f6
19,docx,docx/sample-0019-general-administration-english.docx,general-administration,english,200,ultracrepidarian,المضاهاة,wathiqrare0019,37415,2565baa8b80dcee7565a376807d28e70e6a4cf4a4b77c0d1138f6faa140a2030
20,docx,docx/sample-0020-asset-management-arabic.docx,asset-management,arabic,200,palimpsest,الاستيثاق,wathiqrare0020,37435,7874e00801bb2fb2aff97b316882efef6354b1524dd1fdc8c82aeb797887d49f
21,docx,docx/sample-0021-records-management-mixed.docx,records-management,mixed,200,quincunx,الاستعصاء,wathiqrare0021,37570,95a3a1ab7405d9355394c1f26e22e36e7a5daa13a3f3d6b6aced698d7fead756
22,docx,docx/sample-0022-project-management-english.docx,project-management,english,200,zeugma,التبويب,wathiqrare0022,37417,f61a1c80ccb78255c95702e6e907d9646b3265ca3b2c1e108fbb0f4fc9f7e097
23,docx,docx/sample-0023-information-technology-arabic.docx,information-technology,arabic,200,syzygy,الاستدامة,wathiqrare0023,37481,aaf1107382e5b69c20089bf45dce9d49a4a25f618439b0e6e63cbe7a63bff676
24,docx,docx/sample-0024-procurement-mixed.docx,procurement,mixed,200,susurrus,الاستدلال,wathiqrare0024,37485,67bb8f786c73314de3c811059df237614f9ee5690ddd8efc8701a1c7800c3619
25,docx,docx/sample-0025-finance-english.docx,finance,english,200,velleity,الاستقراء,wathiqrare0025,37470,8a0ad351ff5f53b787695c332ff9c477c79477c37ccc34c9a0aa3cb5e027ca1b
26,docx,docx/sample-0026-human-resources-arabic.docx,human-resources,arabic,200,anfractuous,الاستدراك,wathiqrare0026,37488,8121252e507f8d7b356c8f9ce5a0da4cfcc7e73d4aed96960d00b125e749165b
27,docx,docx/sample-0027-general-administration-mixed.docx,general-administration,mixed,200,crepuscular,التغاير,wathiqrare0027,37502,96a3c3be1fb4f2f6bc5e8640014bcee6f1286e8a69c57195473e6967af668b01
28,docx,docx/sample-0028-asset-management-english.docx,asset-management,english,200,psithurism,التماثل,wathiqrare0028,37400,0a028b9a75799246053a8025a92fdb6dd73462739394f4083cb8d9b7dd1fc771
29,docx,docx/sample-0029-records-management-arabic.docx,records-management,arabic,200,ultracrepidarian,المضاهاة,wathiqrare0029,37498,2a34997a7dc89fc7622bf4c224e0bc1c04155f2db4011eedd0d47595017b012c
30,docx,docx/sample-0030-project-management-mixed.docx,project-management,mixed,200,palimpsest,الاستيثاق,wathiqrare0030,37526,b9b6ba44495a207deb6ea10a21c7713786a2537fd50e80226a936947ffc2dd5c
31,docx,docx/sample-0031-information-technology-english.docx,information-technology,english,200,quincunx,الاستعصاء,wathiqrare0031,37453,ed6e768ec7ec3d97145bdc1cee668a388d5760db8f8f4bc854b35c9d77976006
32,docx,docx/sample-0032-procurement-arabic.docx,procurement,arabic,200,zeugma,التبويب,wathiqrare0032,37440,4fa41577539ea8152b9d3537f493638a9993100126794dc87b96e1f5346d0cbc
33,docx,docx/sample-0033-finance-mixed.docx,finance,mixed,200,syzygy,الاستدامة,wathiqrare0033,37587,e64863374909eb452b2d7eb15c7854efb0f415046ac3deaad6eff8e2dca37e1b
34,docx,docx/sample-0034-human-resources-english.docx,human-resources,english,200,susurrus,الاستدلال,wathiqrare0034,37478,e4b62c7b65fbb663d55aafbb50dfcbe26a9dadd13fffe5109491b65b057ae3f2
35,docx,docx/sample-0035-general-administration-arabic.docx,general-administration,arabic,200,velleity,الاستقراء,wathiqrare0035,37453,1152468d080b87c8b2a1bdafe3d5ce5ec6d4625c0b29ffc35e95e26b091134ac
36,docx,docx/sample-0036-asset-management-mixed.docx,asset-management,mixed,200,anfractuous,الاستدراك,wathiqrare0036,37507,347a3c7f5909b6bef7def9eca8cbd72a9b545766fd9412b1d5dc39266733a8b4
37,docx,docx/sample-0037-records-management-english.docx,records-management,english,200,crepuscular,التغاير,wathiqrare0037,37458,9f74ca5f4d33af9f53c3a8418ff8960f64379a84e19de294c27fdfd5ab1510e5
38,docx,docx/sample-0038-project-management-arabic.docx,project-management,arabic,200,psithurism,التماثل,wathiqrare0038,37453,9a9257a2627a2d8df5551eac700b2b43f4b51179cc4b483d56f7ed9ec85f285a
39,docx,docx/sample-0039-information-technology-mixed.docx,information-technology,mixed,200,ultracrepidarian,المضاهاة,wathiqrare0039,37559,822e6f7818daf080ddbdbf457b5e703f673b68edecc66ad5901572007d031890
40,docx,docx/sample-0040-procurement-english.docx,procurement,english,200,palimpsest,الاستيثاق,wathiqrare0040,37422,2080765b976342dd8eb354604a2a4196711ab45af7de7f8edd344e1e329cfc50
41,docx,docx/sample-0041-finance-arabic.docx,finance,arabic,200,quincunx,الاستعصاء,wathiqrare0041,37508,beb2b55d92887b5cb6cc4b754fc5e594ad2f7529c20ae276b8a03fd3bd48e985
42,docx,docx/sample-0042-human-resources-mixed.docx,human-resources,mixed,200,zeugma,التبويب,wathiqrare0042,37571,c74fccb74a90871bdd3a2c8111c7361de3e7c3b547951f1fa381204c7bb88a13
43,docx,docx/sample-0043-general-administration-english.docx,general-administration,english,200,syzygy,الاستدامة,wathiqrare0043,37415,e1810606ebe32eb544365602540245ebcf0583668f9396e0371998803eddba15
44,docx,docx/sample-0044-asset-management-arabic.docx,asset-management,arabic,200,susurrus,الاستدلال,wathiqrare0044,37437,d08e5b9c38465489d921bb122e4a73f56404d0b58158463bf98ce82c8f1ef5f0
45,docx,docx/sample-0045-records-management-mixed.docx,records-management,mixed,200,velleity,الاستقراء,wathiqrare0045,37569,3d0d644b3fe206fcaad1c19958b491f565290dce013047399e91394f87d866c7
46,docx,docx/sample-0046-project-management-english.docx,project-management,english,200,anfractuous,الاستدراك,wathiqrare0046,37420,7589af61565bc26cf7ee56f8b826e029650dba515190da97d82f2bfbea9c80fc
47,docx,docx/sample-0047-information-technology-arabic.docx,information-technology,arabic,200,crepuscular,التغاير,wathiqrare0047,37481,7bf1d6ff91bc61926912afcce9f3a8506a3e9f0a4334ae91b89ffd73786d2532
48,docx,docx/sample-0048-procurement-mixed.docx,procurement,mixed,200,psithurism,التماثل,wathiqrare0048,37487,84bd06ef1b0b44bf177e78d2d7c2792367b9008796b15676e581137487c57dda
49,docx,docx/sample-0049-finance-english.docx,finance,english,200,ultracrepidarian,المضاهاة,wathiqrare0049,37475,b62646087d27a9934b1e6046618ddc023c6357bb8cfd5ba6a723dc6ab9fdb028
50,docx,docx/sample-0050-human-resources-arabic.docx,human-resources,arabic,200,palimpsest,الاستيثاق,wathiqrare0050,37482,57715f9b6fca31ab3d8af6bdc457dc4efa033d22c43062c0075b899815398e8c
51,docx,docx/sample-0051-general-administration-mixed.docx,general-administration,mixed,200,quincunx,الاستعصاء,wathiqrare0051,37499,f04c805f81ab8775ea11764d5b587e8406b541531fc5042162ed5b2265bac94a
52,docx,docx/sample-0052-asset-management-english.docx,asset-management,english,200,zeugma,التبويب,wathiqrare0052,37404,2fbc2af6763f2bfe20c17f04f4a857d18b4f3789251050a05677763729875505
53,docx,docx/sample-0053-records-management-arabic.docx,records-management,arabic,200,syzygy,الاستدامة,wathiqrare0053,37499,81d3b364d0450706bfc11aa3ebf825538f3d83e58e75ca44a65451e2b20a859d
54,docx,docx/sample-0054-project-management-mixed.docx,project-management,mixed,200,susurrus,الاستدلال,wathiqrare0054,37527,32a1a67c1c0508f0832b5f9c7e57d0233077d763bb3bd7b3f939631506357ecf
55,docx,docx/sample-0055-information-technology-english.docx,information-technology,english,200,velleity,الاستقراء,wathiqrare0055,37447,fae2dbc8da0f7eb3158f893e69dccbbe6db430847dc91672a9345910b8e6c079
56,docx,docx/sample-0056-procurement-arabic.docx,procurement,arabic,200,anfractuous,الاستدراك,wathiqrare0056,37444,1a1cf7a0adbf630fbbb14f8ba6dec82c5b4fbf074233b870d682c22065999657
57,docx,docx/sample-0057-finance-mixed.docx,finance,mixed,200,crepuscular,التغاير,wathiqrare0057,37584,0915bec1307b898234807259b9e65e6a5a390773dbd1c51f0cc34d3fc0348529
58,docx,docx/sample-0058-human-resources-english.docx,human-resources,english,200,psithurism,التماثل,wathiqrare0058,37482,3382585a80820b083e42d91d16300dd85163f2383b8b7949685938da4c9eee4c
59,docx,docx/sample-0059-general-administration-arabic.docx,general-administration,arabic,200,ultracrepidarian,المضاهاة,wathiqrare0059,37452,e85474d350a54a8a32f87c3708d50a601e83ed3ff304f2f16caa702ff57d5843
60,docx,docx/sample-0060-asset-management-mixed.docx,asset-management,mixed,200,palimpsest,الاستيثاق,wathiqrare0060,37505,69f8da6f04f625379b502a6c8655c738444ef0d08c5aef6beaf233c43c3f556b
61,docx,docx/sample-0061-records-management-english.docx,records-management,english,200,quincunx,الاستعصاء,wathiqrare0061,37461,792070e5f5ee9150a55f90c9929b798b5c0852a00b6f6a4716aaab43bcb03af9
62,docx,docx/sample-0062-project-management-arabic.docx,project-management,arabic,200,zeugma,التبويب,wathiqrare0062,37457,a795477df9fde1b4eaec622959febabebd2462efd48b2033bbfb92165cb4d3e1
63,docx,docx/sample-0063-information-technology-mixed.docx,information-technology,mixed,200,syzygy,الاستدامة,wathiqrare0063,37556,f64f759fb4112482322f7abdd3badf65bbb47494d6ec56f5ad52c462f9b1ef57
64,docx,docx/sample-0064-procurement-english.docx,procurement,english,200,susurrus,الاستدلال,wathiqrare0064,37414,4803f045861f2a9131a9ed623a88ee8c77b0fc7b690d257b4c7636d26a14da60
65,docx,docx/sample-0065-finance-arabic.docx,finance,arabic,200,velleity,الاستقراء,wathiqrare0065,37501,ac70cff44cc60d027c2f6847440d10b6e643e1673a2b17c7f71e34aecd96a7f5
66,docx,docx/sample-0066-human-resources-mixed.docx,human-resources,mixed,200,anfractuous,الاستدراك,wathiqrare0066,37572,8d86d3ada0d32d33ac8293e49af7e3d9038d57bbb50074098f2788cb58d58664
67,docx,docx/sample-0067-general-administration-english.docx,general-administration,english,200,crepuscular,التغاير,wathiqrare0067,37412,58eafe109955754f682050aa655ca55b9c9a5de13ed4af1a6173c2e935b84f0c
68,docx,docx/sample-0068-asset-management-arabic.docx,asset-management,arabic,200,psithurism,التماثل,wathiqrare0068,37435,65dfaf3e9702a242f711270f0572e71300e054e1312409e8f27a5c20c10b8d25
69,docx,docx/sample-0069-records-management-mixed.docx,records-management,mixed,200,ultracrepidarian,المضاهاة,wathiqrare0069,37566,8fbeca2484922e247dc9124a653277be1890fb20b7678b2745b54917670cd53a
70,docx,docx/sample-0070-project-management-english.docx,project-management,english,200,palimpsest,الاستيثاق,wathiqrare0070,37417,900522ae917b45a565c057fe129c972ef79cb41b5e83a982247bb6c9e2cc3d0f
71,docx,docx/sample-0071-information-technology-arabic.docx,information-technology,arabic,200,quincunx,الاستعصاء,wathiqrare0071,37488,658173833e06bfb7c58dd06a9a6e06f48de7baf8f29343a166ae30c6f9529daf
72,docx,docx/sample-0072-procurement-mixed.docx,procurement,mixed,200,zeugma,التبويب,wathiqrare0072,37482,77125a8bc55e1262209236fe63521b1e9dadf9a5508fb3323115a7c1aea26fee
73,docx,docx/sample-0073-finance-english.docx,finance,english,200,syzygy,الاستدامة,wathiqrare0073,37469,9fa9a1518269f4c75db225a94fa72252bdbad5b3c548c3125e5bf91c905d78d0
74,docx,docx/sample-0074-human-resources-arabic.docx,human-resources,arabic,200,susurrus,الاستدلال,wathiqrare0074,37484,32a952f7d80b5d5167c75ee905502cf520207a0ef5cd806983c967ea85f449b1
75,docx,docx/sample-0075-general-administration-mixed.docx,general-administration,mixed,200,velleity,الاستقراء,wathiqrare0075,37499,682f996c45f8b2beb195b5249d817624d883a84764f396ab08ff40a64faddb26
76,docx,docx/sample-0076-asset-management-english.docx,asset-management,english,200,anfractuous,الاستدراك,wathiqrare0076,37406,bb3f1aedfb38130ea4d19f5700adb0a85a10dbefc3071cda85f8f91f641d4d10
77,docx,docx/sample-0077-records-management-arabic.docx,records-management,arabic,200,crepuscular,التغاير,wathiqrare0077,37498,9c9b3475965570e92ac011b3bf46f1c004fa91e60a0cdb63886ed6a0686833fe
78,docx,docx/sample-0078-project-management-mixed.docx,project-management,mixed,200,psithurism,التماثل,wathiqrare0078,37525,46d43ec8d507b0560ffa03de713e6d4ad96795d1f5e52b1c9e6efa5ed5a4a9c6
79,docx,docx/sample-0079-information-technology-english.docx,information-technology,english,200,ultracrepidarian,المضاهاة,wathiqrare0079,37450,94ba32734796f978bee89b0efa9f51bedfc5659aebcf69406cc9720448aeeb5e
80,docx,docx/sample-0080-procurement-arabic.docx,procurement,arabic,200,palimpsest,الاستيثاق,wathiqrare0080,37443,401790e0520070b73c3a979c33e41c94774acf0c93d7be03e29d377c4dc8d23d
81,docx,docx/sample-0081-finance-mixed.docx,finance,mixed,200,quincunx,الاستعصاء,wathiqrare0081,37589,edfeb51a555833a2b35beaa83034406f142b0ac413b94545799b46b65ea5d081
82,docx,docx/sample-0082-human-resources-english.docx,human-resources,english,200,zeugma,التبويب,wathiqrare0082,37480,70256f3e4e7c8ccdff9bb6bc94716f217e547f51ac0b28afdd21525ab4f2593f
83,docx,docx/sample-0083-general-administration-arabic.docx,general-administration,arabic,200,syzygy,الاستدامة,wathiqrare0083,37444,dea10121f9bf1bf5dd88ce152b7653a7e2a150780dae602bfd14451b1c2a14ab
84,docx,docx/sample-0084-asset-management-mixed.docx,asset-management,mixed,200,susurrus,الاستدلال,wathiqrare0084,37505,ac401c29d8c455c5f1db5815c2245139a28c3449ab11354cf0413016651d160e
85,docx,docx/sample-0085-records-management-english.docx,records-management,english,200,velleity,الاستقراء,wathiqrare0085,37459,b01628afb16c628e2f03a8059dd2c1c15798a17ee7e084dde818af48df666b37
86,docx,docx/sample-0086-project-management-arabic.docx,project-management,arabic,200,anfractuous,الاستدراك,wathiqrare0086,37452,0105184553135f7b29981778e5741e305b9bb34a9faafb3cc2c1b18031d04db1
87,docx,docx/sample-0087-information-technology-mixed.docx,information-technology,mixed,200,crepuscular,التغاير,wathiqrare0087,37554,7c3f438376692a8c7c9b4174ce1b6fc4151c2c88fdf8af26a4bf4c0cb0847d0b
88,docx,docx/sample-0088-procurement-english.docx,procurement,english,200,psithurism,التماثل,wathiqrare0088,37417,9864a8bdd0f1f615161cec7e4abe6af040d2fecc4e2b18e6ba8addd1a71bf070
89,docx,docx/sample-0089-finance-arabic.docx,finance,arabic,200,ultracrepidarian,المضاهاة,wathiqrare0089,37500,002edc0bb0c2868f4c6e19d68f1bbaee9b4d708b2ca07c426cb5015b6f0cbe56
90,docx,docx/sample-0090-human-resources-mixed.docx,human-resources,mixed,200,palimpsest,الاستيثاق,wathiqrare0090,37575,f08f61427ef98714e87d36f9eb987c08886c93153627a41ac2d993fcb7f5653c
91,docx,docx/sample-0091-general-administration-english.docx,general-administration,english,200,quincunx,الاستعصاء,wathiqrare0091,37421,23f4eb302f519c53a433287ac39e0406631433b9fa953faffa51f0b8f68069d6
92,docx,docx/sample-0092-asset-management-arabic.docx,asset-management,arabic,200,zeugma,التبويب,wathiqrare0092,37437,09f032b91cf6aae906d27a5ab4d170cb4f92ae704cc2f3dab47ee215a0cc93ca
93,docx,docx/sample-0093-records-management-mixed.docx,records-management,mixed,200,syzygy,الاستدامة,wathiqrare0093,37565,4dd2c573616cc36571b0c5ecd74ab561b4d762b4f630275500dac2c7e84ae6c9
94,docx,docx/sample-0094-project-management-english.docx,project-management,english,200,susurrus,الاستدلال,wathiqrare0094,37413,80cff906896cb27f15fe43e6b9a50a4a19d3cba40fd5dc199477d19bba42cefc
95,docx,docx/sample-0095-information-technology-arabic.docx,information-technology,arabic,200,velleity,الاستقراء,wathiqrare0095,37486,4ca69a8dc2d9b899a06fc759cecfc916d3f7e09a69c59a19863d3c08824c21d8
96,docx,docx/sample-0096-procurement-mixed.docx,procurement,mixed,200,anfractuous,الاستدراك,wathiqrare0096,37485,40314102be1bf4054a6dbcf7e3683ae3d23b8f131fdb34e0fd869cb73d286099
97,docx,docx/sample-0097-finance-english.docx,finance,english,200,crepuscular,التغاير,wathiqrare0097,37473,7e497260a5a2620d45eb9c5f6ed6c0f44df47233e71e340dd5533b32a256268a
98,docx,docx/sample-0098-human-resources-arabic.docx,human-resources,arabic,200,psithurism,التماثل,wathiqrare0098,37484,84450764d57f879a9a2a066e23774a4fec3025b101ad5f669adf7a7132cf19d1
99,docx,docx/sample-0099-general-administration-mixed.docx,general-administration,mixed,200,ultracrepidarian,المضاهاة,wathiqrare0099,37505,85567833fc231d4d4f8d8803e8855a241efaad1eb4c71ab7b12614ad1fc0717d
100,docx,docx/sample-0100-asset-management-english.docx,asset-management,english,200,palimpsest,الاستيثاق,wathiqrare0100,37402,82243a8cd8bc9798f11a76a1ac21bb763ffdb8e01ee834071b47e8463b551129
101,docx,docx/sample-0101-records-management-arabic.docx,records-management,arabic,200,quincunx,الاستعصاء,wathiqrare0101,37508,92f84db8a96cddb9ca4abef50c15867ee6f69815c3d60929ece3c2eb79cb14c0
102,docx,docx/sample-0102-project-management-mixed.docx,project-management,mixed,200,zeugma,التبويب,wathiqrare0102,37525,b509a113d6d4437d658c2a9a822b762b6f309f4c4c0ee15899bc366289fe90e5
103,docx,docx/sample-0103-information-technology-english.docx,information-technology,english,200,syzygy,الاستدامة,wathiqrare0103,37447,dacdeede4727dff29dca5429cb8163b0c15b53c9d7b61c9ae20203af1c04e6f6
104,docx,docx/sample-0104-procurement-arabic.docx,procurement,arabic,200,susurrus,الاستدلال,wathiqrare0104,37440,24a6bdb113174ffcab3e423f7887169fc4eeeff938d7b912aaf75e04cfbddc19
105,docx,docx/sample-0105-finance-mixed.docx,finance,mixed,200,velleity,الاستقراء,wathiqrare0105,37588,1c0e04736f5277f17dd0d5a32ac7b159163f48083fa309dbb9475712a8f589ff
106,docx,docx/sample-0106-human-resources-english.docx,human-resources,english,200,anfractuous,الاستدراك,wathiqrare0106,37482,1a17750abd3214e253b3a9fd735208c9aebde39a88b416204a720f25e0090886
107,docx,docx/sample-0107-general-administration-arabic.docx,general-administration,arabic,200,crepuscular,التغاير,wathiqrare0107,37450,e1a71b6aba33fe376e5352d86b547b0808103616bb8c64e67403c9a7d8771cb8
108,docx,docx/sample-0108-asset-management-mixed.docx,asset-management,mixed,200,psithurism,التماثل,wathiqrare0108,37505,a3e3c71fcf8287313a756638bc8f384bc86b48a3effa6af9f0ffd198d0a131d2
109,docx,docx/sample-0109-records-management-english.docx,records-management,english,200,ultracrepidarian,المضاهاة,wathiqrare0109,37454,73b77369b0d7a737dab6758ee70295fa68f434c41d588674f7ab90c5525b4894
110,docx,docx/sample-0110-project-management-arabic.docx,project-management,arabic,200,palimpsest,الاستيثاق,wathiqrare0110,37450,75649dc95a47a411da0dfbd95783746b3a6c008877016e731358dbfde14990a3
111,docx,docx/sample-0111-information-technology-mixed.docx,information-technology,mixed,200,quincunx,الاستعصاء,wathiqrare0111,37558,bff8f8cb030965f5aecf826873eb190c8d80a4e0e5ce0c88c92007121229ab0e
112,docx,docx/sample-0112-procurement-english.docx,procurement,english,200,zeugma,التبويب,wathiqrare0112,37420,74144104e676bffcf80dda54c814133dcd697d9202f873d86ee59ca3f2259301
113,docx,docx/sample-0113-finance-arabic.docx,finance,arabic,200,syzygy,الاستدامة,wathiqrare0113,37498,0cd38c4cf11bb0ec12e4f5c737595f3b5d4b8a1ddc87385a28b9c5b7516d169e
114,docx,docx/sample-0114-human-resources-mixed.docx,human-resources,mixed,200,susurrus,الاستدلال,wathiqrare0114,37572,d8f7d9a1f02f42177f6d132a5e395c34791018c0c580c2bb35f3e15228ed828a
115,docx,docx/sample-0115-general-administration-english.docx,general-administration,english,200,velleity,الاستقراء,wathiqrare0115,37419,cd5da2a04697146b57f5b4d087fd0f60fa811ccb48df75818ab228324d7b05f9
116,docx,docx/sample-0116-asset-management-arabic.docx,asset-management,arabic,200,anfractuous,الاستدراك,wathiqrare0116,37437,126204a08e033410ccad3cd69738ee6aa2d4fcfffcb67d398f81b6b204778f00
117,docx,docx/sample-0117-records-management-mixed.docx,records-management,mixed,200,crepuscular,التغاير,wathiqrare0117,37568,bf91509f9a389d290fad68e2111c446e4585b6f4974450e262eb13fefe7b9aa1
118,docx,docx/sample-0118-project-management-english.docx,project-management,english,200,psithurism,التماثل,wathiqrare0118,37415,04ca3cb03a62cb767cb339f1575af9390a40a1bcc2e5f3784df1723efb5492bd
119,docx,docx/sample-0119-information-technology-arabic.docx,information-technology,arabic,200,ultracrepidarian,المضاهاة,wathiqrare0119,37491,5a1a9a525370c8b436f084d7c00c23eb71f4c47d5df9777737a0e63115cf03c2
120,docx,docx/sample-0120-procurement-mixed.docx,procurement,mixed,200,palimpsest,الاستيثاق,wathiqrare0120,37486,1a10260d7ee29374482f7b5ccaddcaee919e2452f2a701f7b7803e63969b0c40
121,docx,docx/sample-0121-finance-english.docx,finance,english,200,quincunx,الاستعصاء,wathiqrare0121,37478,12d54944b19f9ce97e6340f4e2559746b53d1fb295f84e9e182f94c23beaa29c
122,docx,docx/sample-0122-human-resources-arabic.docx,human-resources,arabic,200,zeugma,التبويب,wathiqrare0122,37479,4ab7940c5774162a161ffbfe8f7bfa2e7d3fa6d567223fffba4815269b8f0266
123,docx,docx/sample-0123-general-administration-mixed.docx,general-administration,mixed,200,syzygy,الاستدامة,wathiqrare0123,37498,185f8b2485dfd1ce462a625011759dfe4e8584355716805c5ac2de0a02c645d7
124,docx,docx/sample-0124-asset-management-english.docx,asset-management,english,200,susurrus,الاستدلال,wathiqrare0124,37399,8550d6e0197df6b8d814b0a00dae748286644a3946ed552828a4a3065e701034
125,docx,docx/sample-0125-records-management-arabic.docx,records-management,arabic,200,velleity,الاستقراء,wathiqrare0125,37501,bb8a14332ffaaa13e07bb90831779ecf835e58a91bed8ba326916092787620bb
126,docx,docx/sample-0126-project-management-mixed.docx,project-management,mixed,200,anfractuous,الاستدراك,wathiqrare0126,37526,47a54d41f0c0a44215df4bcd53da131b599902e38010eb32581c2d595009df64
127,docx,docx/sample-0127-information-technology-english.docx,information-technology,english,200,crepuscular,التغاير,wathiqrare0127,37452,d3e29eeeb26218fd8cbfbdd8404b8085b8aa9f46a1f41e9c2a86d221ac0f199b
128,docx,docx/sample-0128-procurement-arabic.docx,procurement,arabic,200,psithurism,التماثل,wathiqrare0128,37438,788e2d8750368281007628e9d87dd97ba6aa2758757bb28ddfc86e9cad0d7b4d
129,docx,docx/sample-0129-finance-mixed.docx,finance,mixed,200,ultracrepidarian,المضاهاة,wathiqrare0129,37589,db5d9c2ee8d645fd276cb148c2b3c740c9e354bd1b7de93cc1fc87dc0ec99404
130,docx,docx/sample-0130-human-resources-english.docx,human-resources,english,200,palimpsest,الاستيثاق,wathiqrare0130,37480,a8b4baa9052c8bc4dadf6a5fe93aced9e777eb9d0e0622f29bd59c73493d618f
131,docx,docx/sample-0131-general-administration-arabic.docx,general-administration,arabic,200,quincunx,الاستعصاء,wathiqrare0131,37452,fb7c51fdebaada28be6db24c8b9523111285a4e3ef1c5f6f5d493a9e4935b51f
132,docx,docx/sample-0132-asset-management-mixed.docx,asset-management,mixed,200,zeugma,التبويب,wathiqrare0132,37505,9b5d527d62977a9dd6b82a991164370b67bb02d3ca26b1fa50d92d82e49b8476
133,docx,docx/sample-0133-records-management-english.docx,records-management,english,200,syzygy,الاستدامة,wathiqrare0133,37456,74f6dc70b9fda7a48bde548756c27ed5f257cb6e2b27c51c019acff38579a98f
134,docx,docx/sample-0134-project-management-arabic.docx,project-management,arabic,200,susurrus,الاستدلال,wathiqrare0134,37447,23aee2fb7bbfc2332de605c5a2a8c1e96090a9f548108220915d28b8ffcd5a8c
135,docx,docx/sample-0135-information-technology-mixed.docx,information-technology,mixed,200,velleity,الاستقراء,wathiqrare0135,37555,4e015803b2d8aeb4327b7b4625a8421383215908123c1895ff5d6704bed4eda7
136,docx,docx/sample-0136-procurement-english.docx,procurement,english,200,anfractuous,الاستدراك,wathiqrare0136,37423,5977bfa6e51c69c6aee14910f637749ff4ddd58a19e414c07003430a6826a4a6
137,docx,docx/sample-0137-finance-arabic.docx,finance,arabic,200,crepuscular,التغاير,wathiqrare0137,37496,26bba16f89c1caba009d923a03771c8e5f017c82000120b103dd7c3d9a89f3f0
138,docx,docx/sample-0138-human-resources-mixed.docx,human-resources,mixed,200,psithurism,التماثل,wathiqrare0138,37575,84da3d260bfd5ecebf7b5ba116ffe42f0725b2b725c621b6fea1fcf66a4c45bb
139,docx,docx/sample-0139-general-administration-english.docx,general-administration,english,200,ultracrepidarian,المضاهاة,wathiqrare0139,37415,d318fa03f201ad2eca3e201bf7a972cb30de84029e6f64634446dcbfb43f3290
140,docx,docx/sample-0140-asset-management-arabic.docx,asset-management,arabic,200,palimpsest,الاستيثاق,wathiqrare0140,37435,6ab2663dc570f4410201f5f0857fae52f68dd2d0fd36a504814e4a92aa262c5d
141,docx,docx/sample-0141-records-management-mixed.docx,records-management,mixed,200,quincunx,الاستعصاء,wathiqrare0141,37569,bba55f1c386b653e0302ecac6c180f01cf1e86b6f97d7e708f35a3b50267c21a
142,docx,docx/sample-0142-project-management-english.docx,project-management,english,200,zeugma,التبويب,wathiqrare0142,37418,a5cc9e93d0e7a258a25072ab4e23007c3ff57e1216e0131a36a4c16bd216e1d6
143,docx,docx/sample-0143-information-technology-arabic.docx,information-technology,arabic,200,syzygy,الاستدامة,wathiqrare0143,37480,a284ae2564ff70efc9f774d65fdb5cd29b2ec228589c3c78fa81503e33b772f8
144,xlsx,xlsx/sample-0144-procurement-arabic.xlsx,procurement,arabic,200,susurrus,الاستدلال,wathiqrare0144,4428,805d07e538c00010571cfde8a66362e3616606960d45dfa81bad60e03e5524fb
145,xlsx,xlsx/sample-0145-finance-mixed.xlsx,finance,mixed,200,velleity,الاستقراء,wathiqrare0145,4579,ec22718418bbdc637bd6939fd4587d27a67ee95336cc52979a947aa1a4452eb2
146,xlsx,xlsx/sample-0146-human-resources-english.xlsx,human-resources,english,200,anfractuous,الاستدراك,wathiqrare0146,4462,6f0207ea92e46258e4bd6f8d5664c1512124bfbaa06da4e0cd946e3920b7b98d
147,xlsx,xlsx/sample-0147-general-administration-arabic.xlsx,general-administration,arabic,200,crepuscular,التغاير,wathiqrare0147,4443,53d690b40bbf4d2a61b244009a0fdda982897a2b40408b8202eafebf2ed1f5d4
148,xlsx,xlsx/sample-0148-asset-management-mixed.xlsx,asset-management,mixed,200,psithurism,التماثل,wathiqrare0148,4486,b46a0263d9e6d33bc6331b2663a33248b85de79f3fa2e759aeee574496dcc087
149,xlsx,xlsx/sample-0149-records-management-english.xlsx,records-management,english,200,ultracrepidarian,المضاهاة,wathiqrare0149,4393,608e2fd68f8dfdd043159b192e30c52b3ba6c197e8097e316df07e4819771ed9
150,xlsx,xlsx/sample-0150-project-management-arabic.xlsx,project-management,arabic,200,palimpsest,الاستيثاق,wathiqrare0150,4444,2a437b71c2ad4f3752d8eccb2581ef67462f591357268776a307bf5fce5da220
151,xlsx,xlsx/sample-0151-information-technology-mixed.xlsx,information-technology,mixed,200,quincunx,الاستعصاء,wathiqrare0151,4532,862b3dded2e8bae6c102b090c9a07190da7ff6721905f1ab5b5fabf78850fe55
152,xlsx,xlsx/sample-0152-procurement-english.xlsx,procurement,english,200,zeugma,التبويب,wathiqrare0152,4403,81e6d233fdab148460a0dea99ff622e9815cc65c806e19c3cafd8381197fceeb
153,xlsx,xlsx/sample-0153-finance-arabic.xlsx,finance,arabic,200,syzygy,الاستدامة,wathiqrare0153,4484,e28c56ab6fe6f24d951a6384e9f271518f4560782dc84bf0ab51ebc3afd88d0e
154,xlsx,xlsx/sample-0154-human-resources-mixed.xlsx,human-resources,mixed,200,susurrus,الاستدلال,wathiqrare0154,4568,01c40f3e41268a0a2aa387f21e2220ff046201411ece44d7e237d1c3f32aaee6
155,xlsx,xlsx/sample-0155-general-administration-english.xlsx,general-administration,english,200,velleity,الاستقراء,wathiqrare0155,4395,7608db6bf22937327e981c8bd62e7b453c9c5d431146cb8806c0fefa1c12d518
156,xlsx,xlsx/sample-0156-asset-management-arabic.xlsx,asset-management,arabic,200,anfractuous,الاستدراك,wathiqrare0156,4428,c4a1cbbf3004dad66de0728a2a2f6541cc9b03cc17770f6a661162db02ea587e
157,xlsx,xlsx/sample-0157-records-management-mixed.xlsx,records-management,mixed,200,crepuscular,التغاير,wathiqrare0157,4540,1262e28affdd0c80e7ebe1aaabc530a19020dae6262aa07e4ecfe08fe6b4ffcb
158,xlsx,xlsx/sample-0158-project-management-english.xlsx,project-management,english,200,psithurism,التماثل,wathiqrare0158,4398,cd585c1504a2e74e9ae34f2ef577155edfffcd7b52860ff74f3b2ae3fdd9c63c
159,xlsx,xlsx/sample-0159-information-technology-arabic.xlsx,information-technology,arabic,200,ultracrepidarian,المضاهاة,wathiqrare0159,4475,11637a73d7ca642839b7565d30b70747176a30bd64377d594931783b4d9c0b5f
160,xlsx,xlsx/sample-0160-procurement-mixed.xlsx,procurement,mixed,200,palimpsest,الاستيثاق,wathiqrare0160,4486,c23b08284a276645f46261557e86d45b22eafc606dba5a1b269545398e748aaf
161,xlsx,xlsx/sample-0161-finance-english.xlsx,finance,english,200,quincunx,الاستعصاء,wathiqrare0161,4456,d817ad846c2ad3ac5295dd24df3a455791281527a5f16fc4c2b1b0adbe876d0e
162,xlsx,xlsx/sample-0162-human-resources-arabic.xlsx,human-resources,arabic,200,zeugma,التبويب,wathiqrare0162,4466,6785267c52b6897dc9afa7dbdd2ae654cc0a5e93a55d2ed2f4a6f5b4773ec221
163,xlsx,xlsx/sample-0163-general-administration-mixed.xlsx,general-administration,mixed,200,syzygy,الاستدامة,wathiqrare0163,4480,1fd65e786a84a31dc7f24925101e57c329d1beedcc52c0f9bc2459984b0d9737
164,xlsx,xlsx/sample-0164-asset-management-english.xlsx,asset-management,english,200,susurrus,الاستدلال,wathiqrare0164,4381,f0675f81451a51ef03e73a3a85985daec0c17ece44aa7ad9db83e964f5f08c5b
165,xlsx,xlsx/sample-0165-records-management-arabic.xlsx,records-management,arabic,200,velleity,الاستقراء,wathiqrare0165,4481,3a1f400c2c17c404acddfd92fcb7544510b4f328fc02a80deadc56d570d2c509
166,xlsx,xlsx/sample-0166-project-management-mixed.xlsx,project-management,mixed,200,anfractuous,الاستدراك,wathiqrare0166,4516,6a01634ab7f5f72d71320afd454ffe0cfac18dbc8ddd0842c0595ce68844bfa1
167,xlsx,xlsx/sample-0167-information-technology-english.xlsx,information-technology,english,200,crepuscular,التغاير,wathiqrare0167,4428,4000b4bfe0e9b0a7d77e35a37a803eb671347cf16afce3f921d096d2e2e54112
168,xlsx,xlsx/sample-0168-procurement-arabic.xlsx,procurement,arabic,200,psithurism,التماثل,wathiqrare0168,4430,6d49ebc802c71d042cfc71cd287ba90ed7e0cd29742537ecdf93f4d39c33b840
169,xlsx,xlsx/sample-0169-finance-mixed.xlsx,finance,mixed,200,ultracrepidarian,المضاهاة,wathiqrare0169,4584,1358222656f858fbccab4f4a64cb0aef59784a022f28da9fbd0a34c2174148ac
170,xlsx,xlsx/sample-0170-human-resources-english.xlsx,human-resources,english,200,palimpsest,الاستيثاق,wathiqrare0170,4468,67322d1bc666900a6f6c9c99c2b7b3c5cbf34dfd2ee001f1b76c97cdcb6dc22c
171,xlsx,xlsx/sample-0171-general-administration-arabic.xlsx,general-administration,arabic,200,quincunx,الاستعصاء,wathiqrare0171,4442,5309de3d562ef90b5377c1230a445ffa2fcff446645d1f43a33b4474138251ab
172,xlsx,xlsx/sample-0172-asset-management-mixed.xlsx,asset-management,mixed,200,zeugma,التبويب,wathiqrare0172,4484,2dda7bb733f049b9a4481f889f23f181b387707c4329caf20b9f3a9f7fcdbe88
173,xlsx,xlsx/sample-0173-records-management-english.xlsx,records-management,english,200,syzygy,الاستدامة,wathiqrare0173,4394,41eeecf2777033fa70fc56b84e40fb6a579f4c0dfde60f01c2be9d6ac9747938
174,xlsx,xlsx/sample-0174-project-management-arabic.xlsx,project-management,arabic,200,susurrus,الاستدلال,wathiqrare0174,4437,edb8c39ccb561f771441079649c45ea1c1693b5da150b9fb3d74ed1cb50470d0
175,xlsx,xlsx/sample-0175-information-technology-mixed.xlsx,information-technology,mixed,200,velleity,الاستقراء,wathiqrare0175,4528,ce7b6a6a7d1c714eb4417c715967ba10de0d5dc74fff7eef57aafed98ffca082
176,xlsx,xlsx/sample-0176-procurement-english.xlsx,procurement,english,200,anfractuous,الاستدراك,wathiqrare0176,4412,d098d1d72c4ea6229b8532e0b980d3502b949c9033cb3f60589a421b8b3eafd5
177,xlsx,xlsx/sample-0177-finance-arabic.xlsx,finance,arabic,200,crepuscular,التغاير,wathiqrare0177,4493,a33898d54bcfbb1bdfdf86ea96de12713601a3d09e72293479f84fa84c8fa832
178,xlsx,xlsx/sample-0178-human-resources-mixed.xlsx,human-resources,mixed,200,psithurism,التماثل,wathiqrare0178,4570,2db2bcef954bab7f78fa2a67061b5b18be30647ce1f55a42814d37495321f70f
179,xlsx,xlsx/sample-0179-general-administration-english.xlsx,general-administration,english,200,ultracrepidarian,المضاهاة,wathiqrare0179,4395,ea4464e45069b954a794fd0e3ce57faede809cd716629578ca283d64a67aebfe
180,xlsx,xlsx/sample-0180-asset-management-arabic.xlsx,asset-management,arabic,200,palimpsest,الاستيثاق,wathiqrare0180,4422,ef8d7200baa444f306c5266b621f77a7ca07c006551fd206d6e55004e9e432e3
181,xlsx,xlsx/sample-0181-records-management-mixed.xlsx,records-management,mixed,200,quincunx,الاستعصاء,wathiqrare0181,4543,0dbda981078d1b549f64786360406d07dff4e72df5592ca07483f5b07001534b
182,xlsx,xlsx/sample-0182-project-management-english.xlsx,project-management,english,200,zeugma,التبويب,wathiqrare0182,4399,18cceb38e599bc8b5e836f0677da1b5492645c9cd6bcfd0893cb82692531e607
183,xlsx,xlsx/sample-0183-information-technology-arabic.xlsx,information-technology,arabic,200,syzygy,الاستدامة,wathiqrare0183,4461,e1af377c4e1f73958545bbc1413b4649b5c5b23dfd43a6fab68948ead04ca69e
184,xlsx,xlsx/sample-0184-procurement-mixed.xlsx,procurement,mixed,200,susurrus,الاستدلال,wathiqrare0184,4480,8206b8f307e76e4aa6098dd9a83842b91086f59b4360aa9afc0d2b98e3c666b7
185,xlsx,xlsx/sample-0185-finance-english.xlsx,finance,english,200,velleity,الاستقراء,wathiqrare0185,4448,8a602fe54e2b2f9897f01480a5942e3712c85ca51f716284c6a4538aa91b52a7
186,xlsx,xlsx/sample-0186-human-resources-arabic.xlsx,human-resources,arabic,200,anfractuous,الاستدراك,wathiqrare0186,4467,92ac39b34f4cdeec175f8236df7c81f8d6cbf791839f42628ce74cbb83a8be46
187,xlsx,xlsx/sample-0187-general-administration-mixed.xlsx,general-administration,mixed,200,crepuscular,التغاير,wathiqrare0187,4484,54657afba3a0d5ec48cddc051ff56d0572ce763322701606bafcc0efb4c33d40
188,xlsx,xlsx/sample-0188-asset-management-english.xlsx,asset-management,english,200,psithurism,التماثل,wathiqrare0188,4384,3ede0168c03c47a9b95352504d5cbbc369d50d9c31ac26f934a295c4259279a7
189,xlsx,xlsx/sample-0189-records-management-arabic.xlsx,records-management,arabic,200,ultracrepidarian,المضاهاة,wathiqrare0189,4476,9d2ca75a6336745e1a6181b47c8466b6bb7bde83d22a96eb52af35f7865c5c05
190,xlsx,xlsx/sample-0190-project-management-mixed.xlsx,project-management,mixed,200,palimpsest,الاستيثاق,wathiqrare0190,4515,8089db4b3e9c328483b856ebf0f6ecbcac26c06bbe66f7bb57b77c2709b67db1
191,xlsx,xlsx/sample-0191-information-technology-english.xlsx,information-technology,english,200,quincunx,الاستعصاء,wathiqrare0191,4430,5ad89828ce8e6ccd9b1d07886af1049732d4dbd513f43d67ab4e35a0615fd57b
192,xlsx,xlsx/sample-0192-procurement-arabic.xlsx,procurement,arabic,200,zeugma,التبويب,wathiqrare0192,4433,122b7c40be14a386f97239ac1bbe7d68e7cf9c40cb6a0e02f991b9039b3c40b4
193,xlsx,xlsx/sample-0193-finance-mixed.xlsx,finance,mixed,200,syzygy,الاستدامة,wathiqrare0193,4576,bbbd18d837142527d290772f1df6a55eca0ef619ce0502e72f82c3eedc9d2c16
194,xlsx,xlsx/sample-0194-human-resources-english.xlsx,human-resources,english,200,susurrus,الاستدلال,wathiqrare0194,4462,8ea59481d199851a742f7de8fb2a32a83907451c6cf817f6c8ad2e38b0d44760
195,xlsx,xlsx/sample-0195-general-administration-arabic.xlsx,general-administration,arabic,200,velleity,الاستقراء,wathiqrare0195,4435,616a65bf36cfbc3fe5aecb41273144d6cfac135d8f36abf9c7dece3c2e66b142
196,xlsx,xlsx/sample-0196-asset-management-mixed.xlsx,asset-management,mixed,200,anfractuous,الاستدراك,wathiqrare0196,4484,d6a16961978e80581f2fbee32e1a0102a92727a8a1856334b775977328b1c545
197,xlsx,xlsx/sample-0197-records-management-english.xlsx,records-management,english,200,crepuscular,التغاير,wathiqrare0197,4400,9a5be0358c9554020d71d15d7657827a4d6596eeefffc35a282174d0c8fe7807
198,xlsx,xlsx/sample-0198-project-management-arabic.xlsx,project-management,arabic,200,psithurism,التماثل,wathiqrare0198,4434,a9cfde255faf9d12d406774bba75290627fb22d65526b0cf90bdc4662180cb19
199,xlsx,xlsx/sample-0199-information-technology-mixed.xlsx,information-technology,mixed,200,ultracrepidarian,المضاهاة,wathiqrare0199,4534,aaed52dcab55e69c57977ee64d5e54e2f1a3f911cd04d28aff77e498abde3321
200,xlsx,xlsx/sample-0200-procurement-english.xlsx,procurement,english,200,palimpsest,الاستيثاق,wathiqrare0200,4411,ae62db2c72ead995bd6c13d7b6c0bd67f3558ac4b38d83d81e07816e84c92382
201,xlsx,xlsx/sample-0201-finance-arabic.xlsx,finance,arabic,200,quincunx,الاستعصاء,wathiqrare0201,4495,7c8e84dab14ad2b9c979a19210212782794b265968a81da4863e23d01296995f
202,xlsx,xlsx/sample-0202-human-resources-mixed.xlsx,human-resources,mixed,200,zeugma,التبويب,wathiqrare0202,4564,cd7047a33f3e1508bdaf3e62a9f488216d96f79ac520924801c658b4717d2e73
203,xlsx,xlsx/sample-0203-general-administration-english.xlsx,general-administration,english,200,syzygy,الاستدامة,wathiqrare0203,4392,7bf9dbf8fcebf5334aaf36e0c6857c01549ec5cba0fa763b6e0df2751e519aeb
204,xlsx,xlsx/sample-0204-asset-management-arabic.xlsx,asset-management,arabic,200,susurrus,الاستدلال,wathiqrare0204,4421,ded334a64f2ce9f55df51f36ec966ffe4e99c9c432f1e40ea66c8304c976ab9c
205,xlsx,xlsx/sample-0205-records-management-mixed.xlsx,records-management,mixed,200,velleity,الاستقراء,wathiqrare0205,4543,8c804a992dac1598eb5d95683dfeb0c619d7d4e4e2969380e656f2dbc88a4350
206,xlsx,xlsx/sample-0206-project-management-english.xlsx,project-management,english,200,anfractuous,الاستدراك,wathiqrare0206,4399,ec0eaf88b45055f5254da9d2600a9ac641770d359d36cef3c55c67dfd3207709
207,xlsx,xlsx/sample-0207-information-technology-arabic.xlsx,information-technology,arabic,200,crepuscular,التغاير,wathiqrare0207,4466,452e0c5621299a6916887423a801357279575563508ceed67d3679dc3f50a62d
208,xlsx,xlsx/sample-0208-procurement-mixed.xlsx,procurement,mixed,200,psithurism,التماثل,wathiqrare0208,4483,7a218b34763e930d80a47283fbc4c15c14159f930cdf569a39a238804b44639b
209,xlsx,xlsx/sample-0209-finance-english.xlsx,finance,english,200,ultracrepidarian,المضاهاة,wathiqrare0209,4463,4242be96514da5faa8fae5b8f30ffd3af54020617e64926804911a7d3077681d
210,xlsx,xlsx/sample-0210-human-resources-arabic.xlsx,human-resources,arabic,200,palimpsest,الاستيثاق,wathiqrare0210,4472,c737ade64a7020e5b5c91ae018a13fb30eccc5e82c903eb727865fb68762f606
211,xlsx,xlsx/sample-0211-general-administration-mixed.xlsx,general-administration,mixed,200,quincunx,الاستعصاء,wathiqrare0211,4481,85f01008f4017e6264c845c479ef8e35aa7f444cd7d54d5ba7655570d1fe9dd0
212,xlsx,xlsx/sample-0212-asset-management-english.xlsx,asset-management,english,200,zeugma,التبويب,wathiqrare0212,4381,b59fd1ed0a6a38d07f7e9362e357fadf71b574462747ca800914f45634081baa
213,xlsx,xlsx/sample-0213-records-management-arabic.xlsx,records-management,arabic,200,syzygy,الاستدامة,wathiqrare0213,4477,5648067c6b0f9957ec3c3d30e5a24070efe55aefe4fd7f2a081ac22b1e6c368b
214,xlsx,xlsx/sample-0214-project-management-mixed.xlsx,project-management,mixed,200,susurrus,الاستدلال,wathiqrare0214,4511,99ff65db587082434ab0ccb8f422fa15e21b0ed128bf997af39020046cd82a7f
215,xlsx,xlsx/sample-0215-information-technology-english.xlsx,information-technology,english,200,velleity,الاستقراء,wathiqrare0215,4427,279741498a95adc40de0ed2fcd10bc8f18f391df8a7e41249ec15e02c5d750b9
216,xlsx,xlsx/sample-0216-procurement-arabic.xlsx,procurement,arabic,200,anfractuous,الاستدراك,wathiqrare0216,4437,1eb7cadd2dc21708f8ed0fc1dafb81e1335e43ce2c88d8f90962f30bf5956704
217,xlsx,xlsx/sample-0217-finance-mixed.xlsx,finance,mixed,200,crepuscular,التغاير,wathiqrare0217,4575,dd8e35369fce3a5bf5bbb4a86e8ed12504ebdc2a928b04abafaaf6efdf9488f3
218,xlsx,xlsx/sample-0218-human-resources-english.xlsx,human-resources,english,200,psithurism,التماثل,wathiqrare0218,4460,58a59b3d234026038f2858b7ffb4232fa5ba68a4ce91400349ce66231e390810
219,xlsx,xlsx/sample-0219-general-administration-arabic.xlsx,general-administration,arabic,200,ultracrepidarian,المضاهاة,wathiqrare0219,4442,95cbf0f2763ea24275c1ed2db395d49ad37a28c465a2ab0320b762365680f43a
220,xlsx,xlsx/sample-0220-asset-management-mixed.xlsx,asset-management,mixed,200,palimpsest,الاستيثاق,wathiqrare0220,4486,5b1f1f0be67d707de83f3df1eb988d029829697c6b5dac5751c1cd5e899c3085
221,xlsx,xlsx/sample-0221-records-management-english.xlsx,records-management,english,200,quincunx,الاستعصاء,wathiqrare0221,4408,fb92941f1a9658bedf54f3114e3f387b7daac9957bc11c459db09c3ce08e0794
222,xlsx,xlsx/sample-0222-project-management-arabic.xlsx,project-management,arabic,200,zeugma,التبويب,wathiqrare0222,4435,168a16946db18248717904127c5cff48c284f611c3599805bd3a45ff46f6f0e4
223,xlsx,xlsx/sample-0223-information-technology-mixed.xlsx,information-technology,mixed,200,syzygy,الاستدامة,wathiqrare0223,4527,4be286c2374c574cfbc5406879920817cea3f2c38045db5c0cfae647fdced5e3
224,xlsx,xlsx/sample-0224-procurement-english.xlsx,procurement,english,200,susurrus,الاستدلال,wathiqrare0224,4409,26983bf8d2082bcf960f0d0d37540ea5a2e112a9c68d895d3d61f875925079d1
225,xlsx,xlsx/sample-0225-finance-arabic.xlsx,finance,arabic,200,velleity,الاستقراء,wathiqrare0225,4485,069be0708d8ed6ea72797b7240dd79de4cb2d901914b663880f8d2cb7876fe34
226,xlsx,xlsx/sample-0226-human-resources-mixed.xlsx,human-resources,mixed,200,anfractuous,الاستدراك,wathiqrare0226,4563,43100fd86bfe7bcccb68f0cb859a564086849f51f5c2b4c1c2b4545900fc40d2
227,xlsx,xlsx/sample-0227-general-administration-english.xlsx,general-administration,english,200,crepuscular,التغاير,wathiqrare0227,4390,4b6c06b50db07af4e3c05913528ff9e74a501e22b629f784c745a40370eb65b9
228,xlsx,xlsx/sample-0228-asset-management-arabic.xlsx,asset-management,arabic,200,psithurism,التماثل,wathiqrare0228,4418,2a175e80c02011acd18dc35a67210a24ad25a5e33859008bf6f8c4f46e2abd2e
229,xlsx,xlsx/sample-0229-records-management-mixed.xlsx,records-management,mixed,200,ultracrepidarian,المضاهاة,wathiqrare0229,4543,7c4114a8fa86cb05cdfea17f5d044ac8d54e0f570ec4528f4ef813a3f40e725a
230,xlsx,xlsx/sample-0230-project-management-english.xlsx,project-management,english,200,palimpsest,الاستيثاق,wathiqrare0230,4400,6f58dac09466b0797589b657565f792462850c5f4c31382a721b9566b3a93159
231,xlsx,xlsx/sample-0231-information-technology-arabic.xlsx,information-technology,arabic,200,quincunx,الاستعصاء,wathiqrare0231,4467,ed5a7bfafebb6ed3548ca45e8b76d7a6b221bc4520db755dc730a35b85aa07c7
232,xlsx,xlsx/sample-0232-procurement-mixed.xlsx,procurement,mixed,200,zeugma,التبويب,wathiqrare0232,4480,052a7f36e1370486a147705db3aab2c96a79aab89d5c132e11ef6094a940724a
233,xlsx,xlsx/sample-0233-finance-english.xlsx,finance,english,200,syzygy,الاستدامة,wathiqrare0233,4455,bf60b86887f3c3b3802c7a028a08ff012520e15f610858d54d86175b313a0e24
234,xlsx,xlsx/sample-0234-human-resources-arabic.xlsx,human-resources,arabic,200,susurrus,الاستدلال,wathiqrare0234,4472,43a3a56a1224deacfb6ff1d37960eeee9f4383e1e518b17ed36e4730ea9fe931
235,xlsx,xlsx/sample-0235-general-administration-mixed.xlsx,general-administration,mixed,200,velleity,الاستقراء,wathiqrare0235,4479,2df1c6e4dd25fe8cde2d1dac85f89f673c9a016da4f14d087fc8d17b2a86ef3b
236,xlsx,xlsx/sample-0236-asset-management-english.xlsx,asset-management,english,200,anfractuous,الاستدراك,wathiqrare0236,4388,3df9ae7dae6e6876c50003af20be6c3b3a8977dfc081e402ba1239ffc7374465
237,xlsx,xlsx/sample-0237-records-management-arabic.xlsx,records-management,arabic,200,crepuscular,التغاير,wathiqrare0237,4479,da5cfed767b07f7e659dbc26a3ddb1ab1e0b403205a7fff9be805b03d58e37ad
238,xlsx,xlsx/sample-0238-project-management-mixed.xlsx,project-management,mixed,200,psithurism,التماثل,wathiqrare0238,4511,a41607107d20b32ca82bdf2867fc870b4c616a4483a1b34daf3213842c90566b
239,xlsx,xlsx/sample-0239-information-technology-english.xlsx,information-technology,english,200,ultracrepidarian,المضاهاة,wathiqrare0239,4428,6d8edef37ce2fd529bed95c5b03b5b1056cbd83dff263fc8cf959c2feeee995d
240,xlsx,xlsx/sample-0240-procurement-arabic.xlsx,procurement,arabic,200,palimpsest,الاستيثاق,wathiqrare0240,4433,aeabf9e34244fb64761edde49bce60eec37730be8a99f9d712aabe4c29ae5f0d
241,xlsx,xlsx/sample-0241-finance-mixed.xlsx,finance,mixed,200,quincunx,الاستعصاء,wathiqrare0241,4581,af78ac748c3f8acf282f0222c017c76cf3114cd23a3482dfe2ff2e7eaad2b9a0
242,xlsx,xlsx/sample-0242-human-resources-english.xlsx,human-resources,english,200,zeugma,التبويب,wathiqrare0242,4461,c39d52ef9dd55957216bcc010402335b29c58f704dc2726431a280c03a67da86
243,xlsx,xlsx/sample-0243-general-administration-arabic.xlsx,general-administration,arabic,200,syzygy,الاستدامة,wathiqrare0243,4429,f1514274930088aab50ad76ab90846cc2a87cec094fc916409877bb95642d174
244,xlsx,xlsx/sample-0244-asset-management-mixed.xlsx,asset-management,mixed,200,susurrus,الاستدلال,wathiqrare0244,4483,19b0ed77c370592cfeb3124728c05031be5977931de51a51cdaf7be5604fd830
245,xlsx,xlsx/sample-0245-records-management-english.xlsx,records-management,english,200,velleity,الاستقراء,wathiqrare0245,4400,5443d3127184ed32ff8f7bf1a9b49e730e976ed93b940b46b173ab08020b489a
246,xlsx,xlsx/sample-0246-project-management-arabic.xlsx,project-management,arabic,200,anfractuous,الاستدراك,wathiqrare0246,4443,faead0e52e1f2b5fcb074df16437bb20359297a28b9264495a012ea5229eea13
247,xlsx,xlsx/sample-0247-information-technology-mixed.xlsx,information-technology,mixed,200,crepuscular,التغاير,wathiqrare0247,4531,e13f1c61bbaa303cc49900c39a633a75933df4fc6ded8a118fe4c534b83267b3
248,xlsx,xlsx/sample-0248-procurement-english.xlsx,procurement,english,200,psithurism,التماثل,wathiqrare0248,4408,928c979ebbb62c256742643c677214df0e13487eb3c5a6ace8d2c8d8f1bab5b6
249,xlsx,xlsx/sample-0249-finance-arabic.xlsx,finance,arabic,200,ultracrepidarian,المضاهاة,wathiqrare0249,4483,b24cf8956bc124ffd015a3b0a787fc5360d025124581d14b978b91aa698433a5
250,xlsx,xlsx/sample-0250-human-resources-mixed.xlsx,human-resources,mixed,200,palimpsest,الاستيثاق,wathiqrare0250,4568,0b3fcc09f888ba9925817232d1f88a83ecdca7c697856fa652fc5d7739e15e68
251,xlsx,xlsx/sample-0251-general-administration-english.xlsx,general-administration,english,200,quincunx,الاستعصاء,wathiqrare0251,4397,4fae76c5dedb6c311b4e34b1d43d494cb78de952b8c533e1c9145c8d73e8fb7f
252,xlsx,xlsx/sample-0252-asset-management-arabic.xlsx,asset-management,arabic,200,zeugma,التبويب,wathiqrare0252,4423,3a1dc8006535be2ff538cf5ce518dcca340b34024cb64f1b486d22f846410557
253,xlsx,xlsx/sample-0253-records-management-mixed.xlsx,records-management,mixed,200,syzygy,الاستدامة,wathiqrare0253,4542,af21a331b1ca6bfb374d79d491c2599547753facefbab43c5cae2bcf95ed350f
254,xlsx,xlsx/sample-0254-project-management-english.xlsx,project-management,english,200,susurrus,الاستدلال,wathiqrare0254,4397,7a168f02b040450725a1648372c5bf506817aa8d40781ec883df782651994654
255,xlsx,xlsx/sample-0255-information-technology-arabic.xlsx,information-technology,arabic,200,velleity,الاستقراء,wathiqrare0255,4464,d5dc12133ee043f6061be19c2a72f6f71def41fc86de187fb2b83bc8132745ec
256,xlsx,xlsx/sample-0256-procurement-mixed.xlsx,procurement,mixed,200,anfractuous,الاستدراك,wathiqrare0256,4483,a1e444ec18c071029a1320e0666ab7a3a0fd04df68489f62c4b02798b09bcf38
257,xlsx,xlsx/sample-0257-finance-english.xlsx,finance,english,200,crepuscular,التغاير,wathiqrare0257,4450,46b3c6046a8097a933ac90bd18fb919d885c3d6705c4dedf35b17b9db0ddb9af
258,xlsx,xlsx/sample-0258-human-resources-arabic.xlsx,human-resources,arabic,200,psithurism,التماثل,wathiqrare0258,4470,f1e04c77eef72a86f9ba013fd31d62491a9b1174cde808ed92ec404b79af90f5
259,xlsx,xlsx/sample-0259-general-administration-mixed.xlsx,general-administration,mixed,200,ultracrepidarian,المضاهاة,wathiqrare0259,4485,70f26eefc25c7a76b1cfe86829dd5cce5afcb9c89a927176ef1d17f111eae623
260,xlsx,xlsx/sample-0260-asset-management-english.xlsx,asset-management,english,200,palimpsest,الاستيثاق,wathiqrare0260,4385,f876b1c19d0c7853984106915636109544b73820ea969337d1c1f54f478f7572
261,xlsx,xlsx/sample-0261-records-management-arabic.xlsx,records-management,arabic,200,quincunx,الاستعصاء,wathiqrare0261,4487,557efb1ca1fc8cc3bb2891f2260a4ff8a40ffe91cda5b68711f24847e796cf5f
262,xlsx,xlsx/sample-0262-project-management-mixed.xlsx,project-management,mixed,200,zeugma,التبويب,wathiqrare0262,4513,c1598272e2f61b0ce51eddeaee143bf3f5ffbe0fc4df8c6f1fe4d004c0e2d5ba
263,xlsx,xlsx/sample-0263-information-technology-english.xlsx,information-technology,english,200,syzygy,الاستدامة,wathiqrare0263,4422,70ec68f59710e2ac5d4c2f6104a92d7e71093b98daf67a2091e9886e2e4da25e
264,xlsx,xlsx/sample-0264-procurement-arabic.xlsx,procurement,arabic,200,susurrus,الاستدلال,wathiqrare0264,4430,99ba9f6651d00034337af52cbbddcab1329e72690ad9dcd6781a011cd42f94b5
265,xlsx,xlsx/sample-0265-finance-mixed.xlsx,finance,mixed,200,velleity,الاستقراء,wathiqrare0265,4577,d12b328a0d3ce9aa6e8ec91d4ce0ccd32302ef3abf0a4e5218bbae7904adf1ec
266,xlsx,xlsx/sample-0266-human-resources-english.xlsx,human-resources,english,200,anfractuous,الاستدراك,wathiqrare0266,4461,def141c97a1e1ef70844911d122b0a0e337baa9a41da8b3317d6e834cb57c252
267,xlsx,xlsx/sample-0267-general-administration-arabic.xlsx,general-administration,arabic,200,crepuscular,التغاير,wathiqrare0267,4440,04e602852cccbd26581642613aaf4ee3e63af59e10e99112407618bd6a9d5147
268,xlsx,xlsx/sample-0268-asset-management-mixed.xlsx,asset-management,mixed,200,psithurism,التماثل,wathiqrare0268,4486,64894d8346dbcffbaa08fed93737b4fa90ac74d134a857698d9bfc3f46564a9e
269,xlsx,xlsx/sample-0269-records-management-english.xlsx,records-management,english,200,ultracrepidarian,المضاهاة,wathiqrare0269,4393,c5d45d89ccb61a6c24e2b08bd5a7d55193b415ad4f67ceff3037042f2c2ac955
270,xlsx,xlsx/sample-0270-project-management-arabic.xlsx,project-management,arabic,200,palimpsest,الاستيثاق,wathiqrare0270,4442,d1272e069e98319b2ca866abbeb0be803d6ea53bf5a3e4979fda2a496a8802bc
271,xlsx,xlsx/sample-0271-information-technology-mixed.xlsx,information-technology,mixed,200,quincunx,الاستعصاء,wathiqrare0271,4531,8a0851a2dda38a85cc8c4616da2b35db58ceccb142564a179db95731e949fb04
272,xlsx,xlsx/sample-0272-procurement-english.xlsx,procurement,english,200,zeugma,التبويب,wathiqrare0272,4406,7c16e25c23b964479cba825aac015cf2a847334753b3c00d66465da9c398f360
273,xlsx,xlsx/sample-0273-finance-arabic.xlsx,finance,arabic,200,syzygy,الاستدامة,wathiqrare0273,4485,d60b454ab654f1b8528d95b93d6cbff4cb707b9be273751638d463ec0ccaa609
274,xlsx,xlsx/sample-0274-human-resources-mixed.xlsx,human-resources,mixed,200,susurrus,الاستدلال,wathiqrare0274,4566,a33246cca1a16ff231dcd4ab98c84041941f223bcbbf831ba86deb61d8839848
275,xlsx,xlsx/sample-0275-general-administration-english.xlsx,general-administration,english,200,velleity,الاستقراء,wathiqrare0275,4396,a633c5fdc86f53c70d0b6378012592ddddfd99b1a47784cef74ecabcfd0adc57
276,xlsx,xlsx/sample-0276-asset-management-arabic.xlsx,asset-management,arabic,200,anfractuous,الاستدراك,wathiqrare0276,4426,34a3cb5f751aa9eeac6449660377e9bd9936b762ce04ee98502163d727951c0a
277,xlsx,xlsx/sample-0277-records-management-mixed.xlsx,records-management,mixed,200,crepuscular,التغاير,wathiqrare0277,4542,d3270b645d48650051b2568d2dc1bc018f49ba34a6d1155ab0b2f08892b79368
278,xlsx,xlsx/sample-0278-project-management-english.xlsx,project-management,english,200,psithurism,التماثل,wathiqrare0278,4398,e441ccf277e41f2985aa1c06e72ed50054f9554bb08c35eb54af40e992e60b55
279,xlsx,xlsx/sample-0279-information-technology-arabic.xlsx,information-technology,arabic,200,ultracrepidarian,المضاهاة,wathiqrare0279,4473,5b39a7ccf402b46314e0f3c471606dd979119defccd7b18ef6ca880e3bbeff94
280,xlsx,xlsx/sample-0280-procurement-mixed.xlsx,procurement,mixed,200,palimpsest,الاستيثاق,wathiqrare0280,4484,9b3863c582a7e652b804be9e39fc37013b6b1e11437c4f059ca91c3183341eba
281,xlsx,xlsx/sample-0281-finance-english.xlsx,finance,english,200,quincunx,الاستعصاء,wathiqrare0281,4458,d171e054e26d912fefaf36980367b24992fb3c1d8da754098d7390bbb22ffc79
282,xlsx,xlsx/sample-0282-human-resources-arabic.xlsx,human-resources,arabic,200,zeugma,التبويب,wathiqrare0282,4466,4bf893c2bcace20cf1d5042d492be13310fd075dde1ea255517e9d1d942a9635
283,xlsx,xlsx/sample-0283-general-administration-mixed.xlsx,general-administration,mixed,200,syzygy,الاستدامة,wathiqrare0283,4476,e77281306d44f02632aff872bdce88b6710c1bd3424c23fb21af573b0fc2b5b0
284,xlsx,xlsx/sample-0284-asset-management-english.xlsx,asset-management,english,200,susurrus,الاستدلال,wathiqrare0284,4382,89f3cc4c77460c2c9cbd661fc74a5ef8efd3a5917ac9ee8a65a2d8ea67ce4ce5
285,xlsx,xlsx/sample-0285-records-management-arabic.xlsx,records-management,arabic,200,velleity,الاستقراء,wathiqrare0285,4482,469380555f25c758d21f033f52c54fb2997c809535497c083e82259dc6642044
286,xlsx,xlsx/sample-0286-project-management-mixed.xlsx,project-management,mixed,200,anfractuous,الاستدراك,wathiqrare0286,4515,ac40b53f3261ee4bd62d4c23db76a64f1835e2deb901b90aabb58eb080a20703
287,txt,txt/sample-0287-information-technology-mixed.txt,information-technology,mixed,200,crepuscular,التغاير,wathiqrare0287,2165,c1857b694f14a5b54ec16318a816ffed26acdc9fb81d672abb4e5a9694530956
288,txt,txt/sample-0288-procurement-english.txt,procurement,english,200,psithurism,التماثل,wathiqrare0288,2010,4a78f0110ad06b3677bd670e2939f2d5324ab7e9750813acfb88074a773d33d6
289,txt,txt/sample-0289-finance-arabic.txt,finance,arabic,200,ultracrepidarian,المضاهاة,wathiqrare0289,2345,4341f416db932c9cf1fc58eaac570be54b7175e308753dc3abac6b845163caf6
290,txt,txt/sample-0290-human-resources-mixed.txt,human-resources,mixed,200,palimpsest,الاستيثاق,wathiqrare0290,2115,9cf58584c04c58cbf96aa3c5ffa48c318093e7d23cc04c8e0864a8b0c2ca7fce
291,txt,txt/sample-0291-general-administration-english.txt,general-administration,english,200,quincunx,الاستعصاء,wathiqrare0291,1812,00308d2c6b96def8c3f96aade6bb603570562f390fdd1ba63bc0147ba18920a6
292,txt,txt/sample-0292-asset-management-arabic.txt,asset-management,arabic,200,zeugma,التبويب,wathiqrare0292,2264,d94deacf37f43751fa855ac5fef1516c2dbcc0b8ea272e2e8cef345b49ee8518
293,txt,txt/sample-0293-records-management-mixed.txt,records-management,mixed,200,syzygy,الاستدامة,wathiqrare0293,2032,1af8af2fbbce424ea23597d68e02cb58ce92e8a964794afce2f147ab5eede60f
294,txt,txt/sample-0294-project-management-english.txt,project-management,english,200,susurrus,الاستدلال,wathiqrare0294,1900,50aac68e9b31a78d303789f0d723b21d0bdc1ea1da34c5fb341288dfe2b0799f
295,txt,txt/sample-0295-information-technology-arabic.txt,information-technology,arabic,200,velleity,الاستقراء,wathiqrare0295,2475,12ab147440d0580e60bff8ea28c4229d6ed18cdd04bad2d7d8c54fbf3e9c2de2
296,txt,txt/sample-0296-procurement-mixed.txt,procurement,mixed,200,anfractuous,الاستدراك,wathiqrare0296,2152,4856facb4b37030d89696c2c050eb038a2af1f8228d12bfbe442ef135741b84a
297,txt,txt/sample-0297-finance-english.txt,finance,english,200,crepuscular,التغاير,wathiqrare0297,1886,b47e1a09f83d118cae99495a774123c1a0103eb07f1d88c873c1fb5ea29099bc
298,txt,txt/sample-0298-human-resources-arabic.txt,human-resources,arabic,200,psithurism,التماثل,wathiqrare0298,2368,ec76a18f4176760644a94d70dd362f4671d56e1805ad1948522e2b2138db6abd
299,txt,txt/sample-0299-general-administration-mixed.txt,general-administration,mixed,200,ultracrepidarian,المضاهاة,wathiqrare0299,2066,f56d0a901ef36e1f2d9819f059d76927f0d74d9c03732ec31cd2124286fea1d3
300,txt,txt/sample-0300-asset-management-english.txt,asset-management,english,200,palimpsest,الاستيثاق,wathiqrare0300,1760,011126571a49415dbb150e41824eccdd7ead38baddb33e3181e8053479c4a723
301,txt,txt/sample-0301-records-management-arabic.txt,records-management,arabic,200,quincunx,الاستعصاء,wathiqrare0301,2252,4f126c186e76e013023cbf308689a98f5cfae198920945d556403ee0cf7388ad
302,txt,txt/sample-0302-project-management-mixed.txt,project-management,mixed,200,zeugma,التبويب,wathiqrare0302,2006,8462ccd2018207be831c838a5fee8fb19b40fbb96ea89797b179d3ae0b956c16
303,txt,txt/sample-0303-information-technology-english.txt,information-technology,english,200,syzygy,الاستدامة,wathiqrare0303,1978,a6545b1934eb4cbe18a1eff08732afb99303a84ea1984840613511347d6b22e5
304,txt,txt/sample-0304-procurement-arabic.txt,procurement,arabic,200,susurrus,الاستدلال,wathiqrare0304,2428,907848a195a1656e7eda1791c7b247e665365f099bc05a84db2b4dc34675ab2a
305,txt,txt/sample-0305-finance-mixed.txt,finance,mixed,200,velleity,الاستقراء,wathiqrare0305,2146,1bce331b007ddc0d79b6273dd5f93effdbfa44e0ae3ba56f4cdab9ff11145329
306,txt,txt/sample-0306-human-resources-english.txt,human-resources,english,200,anfractuous,الاستدراك,wathiqrare0306,1928,62205e9bc19c032d82d231f4b91b633ef0a8cff2c65979af54c8ac4bbe112b5b
307,txt,txt/sample-0307-general-administration-arabic.txt,general-administration,arabic,200,crepuscular,التغاير,wathiqrare0307,2429,6f0826cb42765a2aa22a95a485a49088918d76679cf778d46c93d90e45ca6ec8
308,txt,txt/sample-0308-asset-management-mixed.txt,asset-management,mixed,200,psithurism,التماثل,wathiqrare0308,2057,9bcf8acffb4d03c549b307ae1c1b196b294d1086d2cebab51b3a68dbaea5dc08
309,txt,txt/sample-0309-records-management-english.txt,records-management,english,200,ultracrepidarian,المضاهاة,wathiqrare0309,1881,317983b2ddd35eee062c2ac7c976d407f7c912fe0d02307c80ef19a40f405e2a
310,txt,txt/sample-0310-project-management-arabic.txt,project-management,arabic,200,palimpsest,الاستيثاق,wathiqrare0310,2375,c6fc93bab599e581c5841b37cd044c026028d25ff5f70780d598d8074dfbcb34
311,txt,txt/sample-0311-information-technology-mixed.txt,information-technology,mixed,200,quincunx,الاستعصاء,wathiqrare0311,2166,588b9ae06a10d4bf8f1f3d799998a0b0606cc06212dea1ee660b57531958ea37
312,txt,txt/sample-0312-procurement-english.txt,procurement,english,200,zeugma,التبويب,wathiqrare0312,1982,e9a1e557e361ff9b116c3ef3da01ecab2cb053867a9332e87b3c04507a536220
313,txt,txt/sample-0313-finance-arabic.txt,finance,arabic,200,syzygy,الاستدامة,wathiqrare0313,2429,4befeffe85cfffc7587db95b6ac2edee6e7f26806a16a982168094d12568abdb
314,txt,txt/sample-0314-human-resources-mixed.txt,human-resources,mixed,200,susurrus,الاستدلال,wathiqrare0314,2113,6eed881afb8d4dc578703a0aaccbd46b4a36273057f034dd34d3981afcf67a79
315,txt,txt/sample-0315-general-administration-english.txt,general-administration,english,200,velleity,الاستقراء,wathiqrare0315,1816,7b2d7ce8ebe91d3c1462405e422ed7332dd503d63cf9758e2740fd9a8adae4f1
316,txt,txt/sample-0316-asset-management-arabic.txt,asset-management,arabic,200,anfractuous,الاستدراك,wathiqrare0316,2344,59345284c8a5490057a592e02216a754492687ac671e7e3f03ee3c541a5ab4e3
317,txt,txt/sample-0317-records-management-mixed.txt,records-management,mixed,200,crepuscular,التغاير,wathiqrare0317,2033,0b20c1983971d35fe2eea882727476fc47677f864c6de57294466154810aa3aa
318,txt,txt/sample-0318-project-management-english.txt,project-management,english,200,psithurism,التماثل,wathiqrare0318,1887,d4872c216594af3083476d9b3073704303eb5353b56f4100f350be49dd48a4f8
319,txt,txt/sample-0319-information-technology-arabic.txt,information-technology,arabic,200,ultracrepidarian,المضاهاة,wathiqrare0319,2418,e8091367c5ddb8d050f38e8cb7fd6d92b1a7427102f8ea67428115d8a2e83eb0
320,txt,txt/sample-0320-procurement-mixed.txt,procurement,mixed,200,palimpsest,الاستيثاق,wathiqrare0320,2151,0a6ea4e90671631d038503392436dd41a17b9a0bd66652f7cd4c49ee5be092c6
321,txt,txt/sample-0321-finance-english.txt,finance,english,200,quincunx,الاستعصاء,wathiqrare0321,1887,4d3565f0e218610a759d378dd5a32faffe59bccdd91a2fa9bfc3d24664ff8dbe
322,txt,txt/sample-0322-human-resources-arabic.txt,human-resources,arabic,200,zeugma,التبويب,wathiqrare0322,2425,1858fe0904e31864debf0669e3a9cbbebfbc2663c8a293bf24ce3ba735cac6ad
323,txt,txt/sample-0323-general-administration-mixed.txt,general-administration,mixed,200,syzygy,الاستدامة,wathiqrare0323,2058,2fc0eb672e88060eb0f7def34b351a65191e532aa2137d0b905d9f1752432954
324,txt,txt/sample-0324-asset-management-english.txt,asset-management,english,200,susurrus,الاستدلال,wathiqrare0324,1823,e7a66bfc027067ff78bc875100564aa66dc208e10be2f2ebd811a70e878d4446
325,txt,txt/sample-0325-records-management-arabic.txt,records-management,arabic,200,velleity,الاستقراء,wathiqrare0325,2260,f2c0815ec5ced9d2348ab1a82e43d1980d00ec56abae5516bdc9e8eac28c994b
326,txt,txt/sample-0326-project-management-mixed.txt,project-management,mixed,200,anfractuous,الاستدراك,wathiqrare0326,2015,1ae3c23070622739b44a56ab394a7bcf92f3fdfff5ea259034c0b92fcd5bf7fb
327,txt,txt/sample-0327-information-technology-english.txt,information-technology,english,200,crepuscular,التغاير,wathiqrare0327,1896,0d234a6e0e13c25ee6997cf78316eadf7bdfed1823ed190d78888ab50596b32c
328,txt,txt/sample-0328-procurement-arabic.txt,procurement,arabic,200,psithurism,التماثل,wathiqrare0328,2414,e8049aa635a049ac5339ffa1e3baf2805bb2c9fc1ef63a98015124c21b23a30f
329,txt,txt/sample-0329-finance-mixed.txt,finance,mixed,200,ultracrepidarian,المضاهاة,wathiqrare0329,2152,73d85af75b4372fd8b50e83a4900687c07b7567dc46bde42f3e4ab70a404117f
330,txt,txt/sample-0330-human-resources-english.txt,human-resources,english,200,palimpsest,الاستيثاق,wathiqrare0330,1920,9ea330debac9939adddd3e6f9e4d1bf1c83e81384b7f6c8e28379cd5058c5387
331,txt,txt/sample-0331-general-administration-arabic.txt,general-administration,arabic,200,quincunx,الاستعصاء,wathiqrare0331,2460,038a2f4f10e30a2fc5df400c63dff42a9f082bb9d1faa3cab2b24b6edee3fffe
332,txt,txt/sample-0332-asset-management-mixed.txt,asset-management,mixed,200,zeugma,التبويب,wathiqrare0332,2053,a34ac5d9e914453104a499157a7c1d606458770c6a653882fa161df4287dcc3c
333,txt,txt/sample-0333-records-management-english.txt,records-management,english,200,syzygy,الاستدامة,wathiqrare0333,1800,c5e08788b0eeb301b621a4b5b95d36e5fe4a0b1fb8843653149e7b4d7c5e44f2
334,txt,txt/sample-0334-project-management-arabic.txt,project-management,arabic,200,susurrus,الاستدلال,wathiqrare0334,2332,3c48ca34cb9f6079ea7c3c32dfccbc8bcc15ff5bc22515623162c6c4adc99c61
335,txt,txt/sample-0335-information-technology-mixed.txt,information-technology,mixed,200,velleity,الاستقراء,wathiqrare0335,2166,e5770c895116c08dd8cd592991fc2e087e959bc2b4ab1603da81e19eb27c47f6
336,txt,txt/sample-0336-procurement-english.txt,procurement,english,200,anfractuous,الاستدراك,wathiqrare0336,1942,22446cbaacbde18fa1109b0f68d8dea2cb16be97b0288dc439d8c2773cd694cb
337,txt,txt/sample-0337-finance-arabic.txt,finance,arabic,200,crepuscular,التغاير,wathiqrare0337,2437,3f723424d1c762b62dbab276b72c22629e6b89827fa5780fc82b9bc128d5cdaa
338,txt,txt/sample-0338-human-resources-mixed.txt,human-resources,mixed,200,psithurism,التماثل,wathiqrare0338,2111,8e172f0b3cc67ff16757f0cf2db12b055ffd5d884a7594eef26eaef6aad642d5
339,txt,txt/sample-0339-general-administration-english.txt,general-administration,english,200,ultracrepidarian,المضاهاة,wathiqrare0339,1918,172938b53bbee54a5d5e24c16e5efc97260ee2ab614ea83a4b4ae5701b360815
340,txt,txt/sample-0340-asset-management-arabic.txt,asset-management,arabic,200,palimpsest,الاستيثاق,wathiqrare0340,2388,dff5fff72f55254e44aaeeda684d4292f850ee9da1d162445a65a3d90ae72287
341,txt,txt/sample-0341-records-management-mixed.txt,records-management,mixed,200,quincunx,الاستعصاء,wathiqrare0341,2034,78458761c3b8137b8312d9d29e3ebdd34e419ff688f351c59e35223a45a8a587
342,txt,txt/sample-0342-project-management-english.txt,project-management,english,200,zeugma,التبويب,wathiqrare0342,1807,c9a81d35bfe110cbb1399d2f8ce7b0f4af760ffb2ed574c5405de0aa732edfbf
343,txt,txt/sample-0343-information-technology-arabic.txt,information-technology,arabic,200,syzygy,الاستدامة,wathiqrare0343,2392,d0d16ce5066df449823e7ae8dbc14ca0ad63c478dd343ffebbeed33fd70af3a9
344,txt,txt/sample-0344-procurement-mixed.txt,procurement,mixed,200,susurrus,الاستدلال,wathiqrare0344,2149,ec1a76d3b5d073ba364a64196ae676f7a719ab45eeafb257ce18108348cde682
345,txt,txt/sample-0345-finance-english.txt,finance,english,200,velleity,الاستقراء,wathiqrare0345,1878,235e1eef2fde88be5d58579832e299379b051ed0e1add2f92462c6a3586ef084
346,txt,txt/sample-0346-human-resources-arabic.txt,human-resources,arabic,200,anfractuous,الاستدراك,wathiqrare0346,2442,b472aff8f61c6f85843e1edfbb81e61850aa9f8a1f54e9fd6bdae6c4c3a05e04
347,txt,txt/sample-0347-general-administration-mixed.txt,general-administration,mixed,200,crepuscular,التغاير,wathiqrare0347,2059,cde59afc55199f1e7e8f1d54a5bb574d3feed3babee6c30406317282aaf4b04a
348,txt,txt/sample-0348-asset-management-english.txt,asset-management,english,200,psithurism,التماثل,wathiqrare0348,1791,3b4603f0054c779b7e47ebf4a7d299342c484c837c13af928268df6e1d8d32af
349,txt,txt/sample-0349-records-management-arabic.txt,records-management,arabic,200,ultracrepidarian,المضاهاة,wathiqrare0349,2241,3568c9cc7b9927511b6fe3a282a6031241e37275940a053e4bc3ddd8119ebb73
350,txt,txt/sample-0350-project-management-mixed.txt,project-management,mixed,200,palimpsest,الاستيثاق,wathiqrare0350,2014,e447de3b3e2b592d6bebbd710fa9a9923873a624e3d26fdf6820d8a572fe72ee
351,txt,txt/sample-0351-information-technology-english.txt,information-technology,english,200,quincunx,الاستعصاء,wathiqrare0351,1892,2f5c328191f824eeb31120d7bb7bacba76d8d8876f9a33e328be0e47933fb30f
352,txt,txt/sample-0352-procurement-arabic.txt,procurement,arabic,200,zeugma,التبويب,wathiqrare0352,2430,1278d0fb0abd278ab0a1c6d7288a4afe0ddb413bfa6d49a4d24892938e60b932
353,txt,txt/sample-0353-finance-mixed.txt,finance,mixed,200,syzygy,الاستدامة,wathiqrare0353,2144,8f8d7b6e63d0e494ef9ce6eee7227f6c3aa42b04fb3e2ab222b37a4f8ab1e438
354,txt,txt/sample-0354-human-resources-english.txt,human-resources,english,200,susurrus,الاستدلال,wathiqrare0354,2003,21c7b7d5568d55c583b263269106da4fdbe5fc72a9cc6818ca943abd60cae1a7
355,txt,txt/sample-0355-general-administration-arabic.txt,general-administration,arabic,200,velleity,الاستقراء,wathiqrare0355,2489,26a4cd7966c961fced87b8b350a5d3f5bbfc6f88601384a0ed0e4352dfcbad09
356,txt,txt/sample-0356-asset-management-mixed.txt,asset-management,mixed,200,anfractuous,الاستدراك,wathiqrare0356,2062,4b7f0fbbea5208b450056c979c391bb9763590d8961c9878177c4e29a9a8fdcc
357,txt,txt/sample-0357-records-management-english.txt,records-management,english,200,crepuscular,التغاير,wathiqrare0357,1811,e437a5f458b79db6f353a8e94d49a925d011322221819591834493c594557cf8
358,txt,txt/sample-0358-project-management-arabic.txt,project-management,arabic,200,psithurism,التماثل,wathiqrare0358,2342,346df403d29d91bda9d95c2331dc7840c111029102775c92ba343317048ea48d
359,txt,txt/sample-0359-information-technology-mixed.txt,information-technology,mixed,200,ultracrepidarian,المضاهاة,wathiqrare0359,2172,dec8997d612547c16e78e037243f189cfa50de5152814e9d74d292d6a3a074b5
360,txt,txt/sample-0360-procurement-english.txt,procurement,english,200,palimpsest,الاستيثاق,wathiqrare0360,1957,96c90758a2a433289f7da71f60ee6d1d6de7f217d72b24cd386f3e32e70e3d97
361,txt,txt/sample-0361-finance-arabic.txt,finance,arabic,200,quincunx,الاستعصاء,wathiqrare0361,2422,e40773966b00f4c521ff428a472b916aaa058eafb392891fd002935886f9d36c
362,txt,txt/sample-0362-human-resources-mixed.txt,human-resources,mixed,200,zeugma,التبويب,wathiqrare0362,2107,1d72402ae01eb7caded8c600ed6813d818c23e062c5a733dd129e820fa9f453a
363,txt,txt/sample-0363-general-administration-english.txt,general-administration,english,200,syzygy,الاستدامة,wathiqrare0363,1897,0dc8bf1e447c4f7ff96bca4d895471eb17e1f46f828547d8c2f77c87b36765a2
364,txt,txt/sample-0364-asset-management-arabic.txt,asset-management,arabic,200,susurrus,الاستدلال,wathiqrare0364,2284,8e59a9a71589c5814abcbf75c8a2bcb2d47cb0318496cd9a6aa84e92ee57628d
365,txt,txt/sample-0365-records-management-mixed.txt,records-management,mixed,200,velleity,الاستقراء,wathiqrare0365,2034,4da299192e0ff2f546fd64c3218f3478cbe15f4bb448fb872f04dc7fb74b7d83
366,txt,txt/sample-0366-project-management-english.txt,project-management,english,200,anfractuous,الاستدراك,wathiqrare0366,1822,932344a850abb11c82410387f315d042ddd18727c7020161f605423dd8ea8342
367,txt,txt/sample-0367-information-technology-arabic.txt,information-technology,arabic,200,crepuscular,التغاير,wathiqrare0367,2369,e727c5f23770a3ab822d9cc62b331d1fe2250c979e51abedd6266e3595e4d892
368,txt,txt/sample-0368-procurement-mixed.txt,procurement,mixed,200,psithurism,التماثل,wathiqrare0368,2147,3186e0eaf84659a0f2cfd8be54f398a5d44896df5162e9577dc3bd67ea6389a9
369,txt,txt/sample-0369-finance-english.txt,finance,english,200,ultracrepidarian,المضاهاة,wathiqrare0369,1917,ab2a70b3e12495df201c5cb63a9e086dfa3ede5add51b4f39e55f580be005ea5
370,txt,txt/sample-0370-human-resources-arabic.txt,human-resources,arabic,200,palimpsest,الاستيثاق,wathiqrare0370,2468,ad42d8a3da78d19da8170acd1a61e0db46932f4dcd1be7edb517ffc9f5d66e6e
371,txt,txt/sample-0371-general-administration-mixed.txt,general-administration,mixed,200,quincunx,الاستعصاء,wathiqrare0371,2060,e3c5cfbdeba05a53c33586faa0032cdd5409b47d8346f45fed333a3b845af3c7
372,txt,txt/sample-0372-asset-management-english.txt,asset-management,english,200,zeugma,التبويب,wathiqrare0372,1751,78bffc83546e441d7862cfb2d6f2ef6fc5f0614c8e22b5dcf8d59c03a2695fc5
373,txt,txt/sample-0373-records-management-arabic.txt,records-management,arabic,200,syzygy,الاستدامة,wathiqrare0373,2236,7ec40a908a5f37648505aa0237c449ec1debdc478919961ed7f08cc159815251
374,txt,txt/sample-0374-project-management-mixed.txt,project-management,mixed,200,susurrus,الاستدلال,wathiqrare0374,2012,fb5e3261fe01a8e59a3ccd8af28b7039a3a128d48c320ecae8a9c1ae62281b7c
375,txt,txt/sample-0375-information-technology-english.txt,information-technology,english,200,velleity,الاستقراء,wathiqrare0375,1894,4b5406809d2c2356214f08835b462d16393b128685cb6b19da44248ba1052ae6
376,txt,txt/sample-0376-procurement-arabic.txt,procurement,arabic,200,anfractuous,الاستدراك,wathiqrare0376,2436,00187810c33634c5a657cbc4008dffb0721293501b45d712ae642d49793a8450
377,txt,txt/sample-0377-finance-mixed.txt,finance,mixed,200,crepuscular,التغاير,wathiqrare0377,2145,42c9e9cac67a99119623e47cda8fc5560cfda014cef1c5ab275c1e15275a1660
378,txt,txt/sample-0378-human-resources-english.txt,human-resources,english,200,psithurism,التماثل,wathiqrare0378,1909,b6631bbfad8d9aad6a579e1fce8e441b9eabdd1ccb533eb3eed6f61d11fb953f
379,txt,txt/sample-0379-general-administration-arabic.txt,general-administration,arabic,200,ultracrepidarian,المضاهاة,wathiqrare0379,2396,8b3839f8a6fd439264ceea5c50cf0f24396ca8ee11f35ca11dc5f4d2f3049b59
380,txt,txt/sample-0380-asset-management-mixed.txt,asset-management,mixed,200,palimpsest,الاستيثاق,wathiqrare0380,2061,39847efc2b199633c09384d8853a8cc2347b37d451f9f7c4770c23ab3fe90827
381,txt,txt/sample-0381-records-management-english.txt,records-management,english,200,quincunx,الاستعصاء,wathiqrare0381,1798,4f72aaf8afcdb862e8796152b04be3c9a7183491594ecd75209e70ae6b73549e
382,txt,txt/sample-0382-project-management-arabic.txt,project-management,arabic,200,zeugma,التبويب,wathiqrare0382,2347,eaf8daa7071754f49da4c2107ba73add5441374012a094c80c50e3f8916eb14c
383,txt,txt/sample-0383-information-technology-mixed.txt,information-technology,mixed,200,syzygy,الاستدامة,wathiqrare0383,2164,3d50e3d51dfe9f2f438dc77d8b0a87476b363b3d7f8b3428178e20f2525c2990
384,txt,txt/sample-0384-procurement-english.txt,procurement,english,200,susurrus,الاستدلال,wathiqrare0384,2014,889bdf45deb24a7a1cb81b8cd11961fa1145ae764cbc9d249b61d89826ef568c
385,txt,txt/sample-0385-finance-arabic.txt,finance,arabic,200,velleity,الاستقراء,wathiqrare0385,2452,1439b3ef8c0d25f96d7bf9c6f2686293576e4a94d459aa6d40512232d3a8a499
386,txt,txt/sample-0386-human-resources-mixed.txt,human-resources,mixed,200,anfractuous,الاستدراك,wathiqrare0386,2116,7b601ead5852214015848bfed98284d8294d2d247a76cd48b28fc0d9f0100554
387,txt,txt/sample-0387-general-administration-english.txt,general-administration,english,200,crepuscular,التغاير,wathiqrare0387,1824,81013ca7ed9f01d6cf2acfe927c0d65fcea6ca73158bf6c968a7d64daf37cbff
388,txt,txt/sample-0388-asset-management-arabic.txt,asset-management,arabic,200,psithurism,التماثل,wathiqrare0388,2266,32331d96746bdcc653693ba69024eb210f5a291f33db5f3d575f5e5c490370ec
389,txt,txt/sample-0389-records-management-mixed.txt,records-management,mixed,200,ultracrepidarian,المضاهاة,wathiqrare0389,2040,81bcd09db6982b8eb7cfe4dbd33b74f3fdc58cd882e9c6d39c4ec862bc0d1e88
390,txt,txt/sample-0390-project-management-english.txt,project-management,english,200,palimpsest,الاستيثاق,wathiqrare0390,1839,022c224a7051f12df918081fecbf79c8fcefc80083e2982d5f4aad0a01992d61
391,txt,txt/sample-0391-information-technology-arabic.txt,information-technology,arabic,200,quincunx,الاستعصاء,wathiqrare0391,2433,47552617ed9880d3d2994524236c7ba11a712bb3472a96c434040cbb4f4fdf53
392,txt,txt/sample-0392-procurement-mixed.txt,procurement,mixed,200,zeugma,التبويب,wathiqrare0392,2143,443598f683d3d8231968874920aaf7cf4c697105e690b54ac2acb148bda9f3b1
393,txt,txt/sample-0393-finance-english.txt,finance,english,200,syzygy,الاستدامة,wathiqrare0393,1880,bc62f7832736eee8860329cce2bd6d5c2065b7e9d25dd27c77e3ab9cdf4b8de9
394,txt,txt/sample-0394-human-resources-arabic.txt,human-resources,arabic,200,susurrus,الاستدلال,wathiqrare0394,2394,5b194cde1150effa5d201873e748ab623c99c8e5e3497b06505720ee46d8813e
395,txt,txt/sample-0395-general-administration-mixed.txt,general-administration,mixed,200,velleity,الاستقراء,wathiqrare0395,2060,891d71631157f804dc012ff9ba39b20c20acfdf181379ece649de36e27de77e0
396,txt,txt/sample-0396-asset-management-english.txt,asset-management,english,200,anfractuous,الاستدراك,wathiqrare0396,1773,bae3ab9e38056e07f08b507c70502108aec7930b9de886df6161fe3d4a05b914
397,txt,txt/sample-0397-records-management-arabic.txt,records-management,arabic,200,crepuscular,التغاير,wathiqrare0397,2287,9dafeca0aaad5267af9190d03586d52803d0d1c9202b4b88345869f51f965add
398,txt,txt/sample-0398-project-management-mixed.txt,project-management,mixed,200,psithurism,التماثل,wathiqrare0398,2010,5103f707eecdf1c25a185622773ceefc7989c7e4883e2323494ea88fd644af4d
399,txt,txt/sample-0399-information-technology-english.txt,information-technology,english,200,ultracrepidarian,المضاهاة,wathiqrare0399,1994,6d5f0de86ecb0c679cc2c6ae08d47d1e4c57094e4f647cbb13526544efe74724
400,txt,txt/sample-0400-procurement-arabic.txt,procurement,arabic,200,palimpsest,الاستيثاق,wathiqrare0400,2474,0d6aafe1fa129fa734e106f91ca2c200969d73c65b7ad57c037f10ac68e33a6f
401,txt,txt/sample-0401-finance-mixed.txt,finance,mixed,200,quincunx,الاستعصاء,wathiqrare0401,2146,ce542e818ae8b243050c6bec6f50b4b0516946e61f81e238e7b8febed6d62d20
402,txt,txt/sample-0402-human-resources-english.txt,human-resources,english,200,zeugma,التبويب,wathiqrare0402,1906,673e2b0cb7c5c065f1b3c5f4a4118c0e719df18fc04d951774568dc1a6469d91
403,txt,txt/sample-0403-general-administration-arabic.txt,general-administration,arabic,200,syzygy,الاستدامة,wathiqrare0403,2420,4f4b8800d390c4e97a7205d6fb0dbe3a4bedd948ed96d855b07b5c8e89b2cfa9
404,txt,txt/sample-0404-asset-management-mixed.txt,asset-management,mixed,200,susurrus,الاستدلال,wathiqrare0404,2059,931a278395b11aec9e50b36e9ef11a2894cbd3ce8acd83821e4e151dec2c2a6e
405,txt,txt/sample-0405-records-management-english.txt,records-management,english,200,velleity,الاستقراء,wathiqrare0405,1825,ce76e317396a1d03bf4e718210943f41bce5525f7abeb9a0d8ac9c0ed2bbfe49
406,txt,txt/sample-0406-project-management-arabic.txt,project-management,arabic,200,anfractuous,الاستدراك,wathiqrare0406,2354,08abd58e7c2eea477dd8e8c0ac3cbbccb140f811100a5fbfdf137888d47f2a2a
407,txt,txt/sample-0407-information-technology-mixed.txt,information-technology,mixed,200,crepuscular,التغاير,wathiqrare0407,2165,cf586b440c88a2daa5555855e59555b83cf857d1a7fa5adfcc79db1dc6264279
408,txt,txt/sample-0408-procurement-english.txt,procurement,english,200,psithurism,التماثل,wathiqrare0408,2010,643163d783381157f36c17d836fbde382b922f948df2f3a07ccdb9b51667eaeb
409,txt,txt/sample-0409-finance-arabic.txt,finance,arabic,200,ultracrepidarian,المضاهاة,wathiqrare0409,2345,fe060bb73df3fffd6954bd7c81ebf8fbb6ecda4f036cc4c0921156a06c8ea292
410,txt,txt/sample-0410-human-resources-mixed.txt,human-resources,mixed,200,palimpsest,الاستيثاق,wathiqrare0410,2115,87ec25f1276c720e3c4326f9badf31c43b376b95dba577034fee78e2afaa953c
411,txt,txt/sample-0411-general-administration-english.txt,general-administration,english,200,quincunx,الاستعصاء,wathiqrare0411,1812,ab89d8dad7a91abf84c4a3588a838e736f48dc6eb847f72c6109e93e9b44321b
412,txt,txt/sample-0412-asset-management-arabic.txt,asset-management,arabic,200,zeugma,التبويب,wathiqrare0412,2264,bdbd1dee47e65b9d9441dd0cad880a407eeaf325fce46f7a658cceef16f68188
413,txt,txt/sample-0413-records-management-mixed.txt,records-management,mixed,200,syzygy,الاستدامة,wathiqrare0413,2032,adab0e52771d4103e1423e125d5da1c7fcf6c96e49379419f72cc06da99670cc
414,txt,txt/sample-0414-project-management-english.txt,project-management,english,200,susurrus,الاستدلال,wathiqrare0414,1900,3936dcf1a741578f8f740c1c6cabc143f735ad5b9d83a967a818501113dac370
415,txt,txt/sample-0415-information-technology-arabic.txt,information-technology,arabic,200,velleity,الاستقراء,wathiqrare0415,2475,ba7b63b28b6b569429e837c4260905b2d60ede8bc02fa513c4811085e333f4c1
416,txt,txt/sample-0416-procurement-mixed.txt,procurement,mixed,200,anfractuous,الاستدراك,wathiqrare0416,2152,066d0b2ddc4bd46b6fb4569536085a2b53d4c46ad50d7e4754dcae9841f6486a
417,txt,txt/sample-0417-finance-english.txt,finance,english,200,crepuscular,التغاير,wathiqrare0417,1886,46c364c03d029d283f19a19a4ff1a810ee5ba1bd790a73022ac6da09ac1cbf0d
418,txt,txt/sample-0418-human-resources-arabic.txt,human-resources,arabic,200,psithurism,التماثل,wathiqrare0418,2368,4f7c8a0b84a3df714edf0412033eec9fda2b2f470e8f904880e89856d61724c3
419,txt,txt/sample-0419-general-administration-mixed.txt,general-administration,mixed,200,ultracrepidarian,المضاهاة,wathiqrare0419,2066,b92f9cca3f47800aa4d3363218850273cd7b07dd32f8354fbd2de36a6e18bf59
420,txt,txt/sample-0420-asset-management-english.txt,asset-management,english,200,palimpsest,الاستيثاق,wathiqrare0420,1760,35a66e05bbaa2ee1d102ca0dc37ca252dc75d96462905a472a045a95f4e47518
421,txt,txt/sample-0421-records-management-arabic.txt,records-management,arabic,200,quincunx,الاستعصاء,wathiqrare0421,2252,b12b3cba82804a569a3d532dd7ebc2b9c89ce3d7f2a81e14ccf3d3aec4b5508b
422,txt,txt/sample-0422-project-management-mixed.txt,project-management,mixed,200,zeugma,التبويب,wathiqrare0422,2006,e1d5d45b4f3abfcfb1a1153229ecc740ca0971997c460bd6cd69d61906b7f27a
423,txt,txt/sample-0423-information-technology-english.txt,information-technology,english,200,syzygy,الاستدامة,wathiqrare0423,1978,299b4ae8ccb9ede449dbe3a087437ff2395434b3456f3d8f829806dabe9adb93
424,txt,txt/sample-0424-procurement-arabic.txt,procurement,arabic,200,susurrus,الاستدلال,wathiqrare0424,2428,e1300443e92c94031dd0458622a05eb73998462660ec3f4bf79033fe45bc0a93
425,txt,txt/sample-0425-finance-mixed.txt,finance,mixed,200,velleity,الاستقراء,wathiqrare0425,2146,72fc9fe4d6f94ed4fdb7f001f9458c7a56d03e34be58e30d05ae279b13fba14f
426,txt,txt/sample-0426-human-resources-english.txt,human-resources,english,200,anfractuous,الاستدراك,wathiqrare0426,1928,246a82d10548c976108436da751adbd2df2f6b4561fbe3394f348cf195527bc0
427,txt,txt/sample-0427-general-administration-arabic.txt,general-administration,arabic,200,crepuscular,التغاير,wathiqrare0427,2429,a42644e9fc2be12678005d45a6311849e978cadae064e00d2344ad8ea665fabb
428,txt,txt/sample-0428-asset-management-mixed.txt,asset-management,mixed,200,psithurism,التماثل,wathiqrare0428,2057,4203cdf3506cafaa176cd9a02b9362a52f5df3966319687c36a864e6dcf74272
429,txt,txt/sample-0429-records-management-english.txt,records-management,english,200,ultracrepidarian,المضاهاة,wathiqrare0429,1881,4e2b00f98730b6b8d70f54f29ecb71194ed45fa6830efd5c677bd84d296d4d0c
430,pdf,pdf/sample-0430-project-management-english.pdf,project-management,english,200,palimpsest,الاستيثاق,wathiqrare0430,45597,61d967b9974b9325911143804f5592910afc5ef9b8a846e6ae351f14bf1474ff
431,pdf,pdf/sample-0431-information-technology-arabic.pdf,information-technology,arabic,200,quincunx,الاستعصاء,wathiqrare0431,47402,3b34bcdd4579376f646cbe965ae5ab2014bd7b576ebf1ab7340ccb58baa51d8d
432,pdf,pdf/sample-0432-procurement-mixed.pdf,procurement,mixed,200,zeugma,التبويب,wathiqrare0432,45903,934d444215bafb805129b1d6fcac741d3fc76c12cf926e8ba4e694352267604b
433,pdf,pdf/sample-0433-finance-english.pdf,finance,english,200,syzygy,الاستدامة,wathiqrare0433,45660,38c50e1f1bbce638af40aeba930fb7112309779c1d5708497c7d6a3533c824d3
434,pdf,pdf/sample-0434-human-resources-arabic.pdf,human-resources,arabic,200,susurrus,الاستدلال,wathiqrare0434,46162,706369b3ff130f53da5548883a03e32a010c1a8cbbbdd4fab6c2795e298f6b30
435,pdf,pdf/sample-0435-general-administration-mixed.pdf,general-administration,mixed,200,velleity,الاستقراء,wathiqrare0435,47172,22290f324fc2efd3eae4f38909b11a02b0891a1aad456a320cc509d0ea122b35
436,pdf,pdf/sample-0436-asset-management-english.pdf,asset-management,english,200,anfractuous,الاستدراك,wathiqrare0436,44715,045b4fb2b1bd629191c0fe67764c5bbfbf043530b251c477210ed4b2236ee1b0
437,pdf,pdf/sample-0437-records-management-arabic.pdf,records-management,arabic,200,crepuscular,التغاير,wathiqrare0437,46049,072e8f33e83fae67755a24206fe7a7f9ffb5b980127e238411720104e5561319
438,pdf,pdf/sample-0438-project-management-mixed.pdf,project-management,mixed,200,psithurism,التماثل,wathiqrare0438,47485,f825f953eb57c4eb2d0a875a0fc43f7aff199d706724c6a3d8fd148be634e66d
439,pdf,pdf/sample-0439-information-technology-english.pdf,information-technology,english,200,ultracrepidarian,المضاهاة,wathiqrare0439,46460,3b4b988f6ac946b5234cfee8f9372c93981fa979c38cb7a37baa953bf24fd26c
440,pdf,pdf/sample-0440-procurement-arabic.pdf,procurement,arabic,200,palimpsest,الاستيثاق,wathiqrare0440,44932,73d1ff658fa473482c4f97beb848146162d9a4077c43f14d848e04762b316a39
441,pdf,pdf/sample-0441-finance-mixed.pdf,finance,mixed,200,quincunx,الاستعصاء,wathiqrare0441,46956,ad8dc76f1d860cf1d1fe90eacc353bedf28db506cb5d4ce3fc03d3de8f98d3f2
442,pdf,pdf/sample-0442-human-resources-english.pdf,human-resources,english,200,zeugma,التبويب,wathiqrare0442,45035,c89453a000d512a2b4edc528343ca0c40507eeba87bb301e12631d9c6fcea8ef
443,pdf,pdf/sample-0443-general-administration-arabic.pdf,general-administration,arabic,200,syzygy,الاستدامة,wathiqrare0443,46356,81005bf03a48a92ad72537ef501bb76897ea99d78f08f29812ee973d405892ac
444,pdf,pdf/sample-0444-asset-management-mixed.pdf,asset-management,mixed,200,susurrus,الاستدلال,wathiqrare0444,45540,e4dc848a8a33bc764e7ef71d1d1761a0dca5562e6a4ac93ef4aed1b399f03acb
445,pdf,pdf/sample-0445-records-management-english.pdf,records-management,english,200,velleity,الاستقراء,wathiqrare0445,45483,9ab2d4f8c8bbe9ce9dcb94694a0e44d284f57905a341e09f454a9dbd375b78b9
446,pdf,pdf/sample-0446-project-management-arabic.pdf,project-management,arabic,200,anfractuous,الاستدراك,wathiqrare0446,46207,aaf70d87233e0b900bd4b976b57684cd2655499cf85a28f476b820a169b26406
447,pdf,pdf/sample-0447-information-technology-mixed.pdf,information-technology,mixed,200,crepuscular,التغاير,wathiqrare0447,47996,8536f182d728933e374ce6874a5d1604acb31619cbbcae169acc762606ce4d9d
448,pdf,pdf/sample-0448-procurement-english.pdf,procurement,english,200,psithurism,التماثل,wathiqrare0448,44567,23d1aebfae947a1857db97377c68d872b6e005ff86313366e13e6b3079cfaa15
449,pdf,pdf/sample-0449-finance-arabic.pdf,finance,arabic,200,ultracrepidarian,المضاهاة,wathiqrare0449,46744,8e0481a6649d36000766d313231aa69bac4b7c49eefe60118b5b6040799a58ff
450,pdf,pdf/sample-0450-human-resources-mixed.pdf,human-resources,mixed,200,palimpsest,الاستيثاق,wathiqrare0450,46642,45622c0b2a5165f9bc3753feafd2d7b195befd0780553a97dc42f4d3fb72e549
451,pdf,pdf/sample-0451-general-administration-english.pdf,general-administration,english,200,quincunx,الاستعصاء,wathiqrare0451,45242,01e50726609d1678cd4b60fbd9077b94691444e29a7088a66351308698f7f8ba
452,pdf,pdf/sample-0452-asset-management-arabic.pdf,asset-management,arabic,200,zeugma,التبويب,wathiqrare0452,46009,2ec23fc20c71e13f02d5fbd5042b17aac3b8fbbca4dac4e4337b3d78957369ed
453,pdf,pdf/sample-0453-records-management-mixed.pdf,records-management,mixed,200,syzygy,الاستدامة,wathiqrare0453,47528,ca833882bdca1716463a9c69e7fef8aea5499dcf52cc00f26b81202a4d2ee4dd
454,pdf,pdf/sample-0454-project-management-english.pdf,project-management,english,200,susurrus,الاستدلال,wathiqrare0454,45247,b4d5736e6f105b2a0468394f2f1a90de120d7746c6ea0bcc655a64db12b13a21
455,pdf,pdf/sample-0455-information-technology-arabic.pdf,information-technology,arabic,200,velleity,الاستقراء,wathiqrare0455,47431,a8c01aa56d05baa391598817e3bb8e49d4e88baf33cd83b505bcd1a11317c24c
456,pdf,pdf/sample-0456-procurement-mixed.pdf,procurement,mixed,200,anfractuous,الاستدراك,wathiqrare0456,46050,440421e7a54740c2a42cde786abeaed9754aee1d1eed76e1fe3bdae9abc0666a
457,pdf,pdf/sample-0457-finance-english.pdf,finance,english,200,crepuscular,التغاير,wathiqrare0457,45609,13a303a66dc57bbe148555522b1bff83078f62d709785cf5f70cf441525be9a1
458,pdf,pdf/sample-0458-human-resources-arabic.pdf,human-resources,arabic,200,psithurism,التماثل,wathiqrare0458,46218,b5cc5f22cb872b7c153a53213c1bec1c2bc36644e183094d3dd26727dcdc7adf
459,pdf,pdf/sample-0459-general-administration-mixed.pdf,general-administration,mixed,200,ultracrepidarian,المضاهاة,wathiqrare0459,47066,59e67f367fffcf8be4720ad29c4bfe973bf14acf04e7efe22cd3aaf112d4fb49
460,pdf,pdf/sample-0460-asset-management-english.pdf,asset-management,english,200,palimpsest,الاستيثاق,wathiqrare0460,44484,1f96bb45b11cb4c607982f8a1bdcb6d7f5186423acb1ecaf7ec68ea5df408684
461,pdf,pdf/sample-0461-records-management-arabic.pdf,records-management,arabic,200,quincunx,الاستعصاء,wathiqrare0461,46636,f5526e07c97ba8f8c54a237faa541bfcefece697071c86920e7118a9817538f9
462,pdf,pdf/sample-0462-project-management-mixed.pdf,project-management,mixed,200,zeugma,التبويب,wathiqrare0462,47553,aad97328ce7e632c9f12c2e85353ea5a402a35186a05ad715ac5fe0273c72053
463,pdf,pdf/sample-0463-information-technology-english.pdf,information-technology,english,200,syzygy,الاستدامة,wathiqrare0463,46640,b5c19a43b6c9ecb942ce419c813514b4958edb9889ba0f7a0f5c81eebb53c100
464,pdf,pdf/sample-0464-procurement-arabic.pdf,procurement,arabic,200,susurrus,الاستدلال,wathiqrare0464,44792,803b6fd7c49d1636dca4d10b9d65eaae0835c880e1fd55812321cf5d04d731c4
465,pdf,pdf/sample-0465-finance-mixed.pdf,finance,mixed,200,velleity,الاستقراء,wathiqrare0465,47404,129bbed6f2292c91ce96ef9bb8995a3ba93fa197ffc989078a536880bd64ba93
466,pdf,pdf/sample-0466-human-resources-english.pdf,human-resources,english,200,anfractuous,الاستدراك,wathiqrare0466,45349,4c9522ae596689e2a9c64275f0347982ac683846301bf930f14da55b2e992bc3
467,pdf,pdf/sample-0467-general-administration-arabic.pdf,general-administration,arabic,200,crepuscular,التغاير,wathiqrare0467,45836,e5e5f1c8fad057c2f29deac80660935d019015708e23e0355a9cfa60915a7171
468,pdf,pdf/sample-0468-asset-management-mixed.pdf,asset-management,mixed,200,psithurism,التماثل,wathiqrare0468,46192,70f9303e118ba13ab041710fca0db7e149a55a64e0fbb8e7c2264c3328741b6e
469,pdf,pdf/sample-0469-records-management-english.pdf,records-management,english,200,ultracrepidarian,المضاهاة,wathiqrare0469,45805,eca91715b0be1c7021eeb5053f4cd8afdd3048e198934db12d7d7dd3c803adee
470,pdf,pdf/sample-0470-project-management-arabic.pdf,project-management,arabic,200,palimpsest,الاستيثاق,wathiqrare0470,45978,4609e6e25b3cc2252e1289b958083c2e87cf19401f31bd798518543c5b04f8a1
471,pdf,pdf/sample-0471-information-technology-mixed.pdf,information-technology,mixed,200,quincunx,الاستعصاء,wathiqrare0471,48442,76ea76c954b64d1e0f687b66b196caa271ae2decd1132e6c1c6a9de2e3c717c1
472,pdf,pdf/sample-0472-procurement-english.pdf,procurement,english,200,zeugma,التبويب,wathiqrare0472,44783,01c38ae48fe7ee5cf1414de805feffc6d5cfef1aa3a333a39b24c53e2171f384
473,pdf,pdf/sample-0473-finance-arabic.pdf,finance,arabic,200,syzygy,الاستدامة,wathiqrare0473,46865,2bc304241f8c88b38c4d5517fbc4e4e9b5e6dac316ca99a6f4be0473770ad398
474,pdf,pdf/sample-0474-human-resources-mixed.pdf,human-resources,mixed,200,susurrus,الاستدلال,wathiqrare0474,46342,62779bbf899be7955fc755d38ef6ab2bb2a16a1462e31ecd4c2774dbc49724a0
475,pdf,pdf/sample-0475-general-administration-english.pdf,general-administration,english,200,velleity,الاستقراء,wathiqrare0475,45040,ad1829d191eb322002974a117683d5180ebfd29a9947b61abace5a43ba95e6ff
476,pdf,pdf/sample-0476-asset-management-arabic.pdf,asset-management,arabic,200,anfractuous,الاستدراك,wathiqrare0476,45978,7ca99ecfbb2053d027d797ce9d8e26162b41ada3b8f7131ab77dfb66ccb00852
477,pdf,pdf/sample-0477-records-management-mixed.pdf,records-management,mixed,200,crepuscular,التغاير,wathiqrare0477,46808,9f266e0ae5605a75e81a5c177614e0fbb70a0d3e147376defde1d40f29c10b5a
478,pdf,pdf/sample-0478-project-management-english.pdf,project-management,english,200,psithurism,التماثل,wathiqrare0478,45783,22d17a3e8a9513976bb7aff76c15f7449d1d99fcc9a13623e04f6e55f9552fe6
479,pdf,pdf/sample-0479-information-technology-arabic.pdf,information-technology,arabic,200,ultracrepidarian,المضاهاة,wathiqrare0479,47491,d1e23bd518752bdac77287ce67f3fb200dbd019f0c1d7b892ccf4a5b5e4e43ff
480,pdf,pdf/sample-0480-procurement-mixed.pdf,procurement,mixed,200,palimpsest,الاستيثاق,wathiqrare0480,45819,68c6a73969fd7e367641dbc5b44383e44bc4a55337a0ad17889ae794ed3f2b6c
481,pdf,pdf/sample-0481-finance-english.pdf,finance,english,200,quincunx,الاستعصاء,wathiqrare0481,45713,e5a76e3433f765ddfeae4293f93b82574f1315ef4ac68508d4b1da7f71d14be9
482,pdf,pdf/sample-0482-human-resources-arabic.pdf,human-resources,arabic,200,zeugma,التبويب,wathiqrare0482,46330,9f9d7e87f1317a2c9dd4a2b89352aaf2de868e27bbf1c9ecbb44eb3df2de9dfb
483,pdf,pdf/sample-0483-general-administration-mixed.pdf,general-administration,mixed,200,syzygy,الاستدامة,wathiqrare0483,47393,09e5798025ab1e968886fd0763df54d93322f41a16875c58d6e38f6fb9ac5138
484,pdf,pdf/sample-0484-asset-management-english.pdf,asset-management,english,200,susurrus,الاستدلال,wathiqrare0484,44382,4faba149607dff3024c4de5c7ad5be1e0964910f57fb29004d4f1c206cb74a24
485,pdf,pdf/sample-0485-records-management-arabic.pdf,records-management,arabic,200,velleity,الاستقراء,wathiqrare0485,46829,b6c1d2c19086633e887493aae6c59ca1b7abb6cf6258f27c1db1891bf3e2f8aa
486,pdf,pdf/sample-0486-project-management-mixed.pdf,project-management,mixed,200,anfractuous,الاستدراك,wathiqrare0486,47550,3a5c3b3e40d2c915a908c8d6f166f1d95a0c2459bc7f1a32bba5b536610ed6a6
487,pdf,pdf/sample-0487-information-technology-english.pdf,information-technology,english,200,crepuscular,التغاير,wathiqrare0487,46087,7208423a9349b4db600f2f24792ed2970ef0ac34061f05cb618564d42fc21639
488,pdf,pdf/sample-0488-procurement-arabic.pdf,procurement,arabic,200,psithurism,التماثل,wathiqrare0488,44812,6f769f07915477290c8c3fc8933553e23ba12d1a82a1ce7c80ed4fa07d69a4c9
489,pdf,pdf/sample-0489-finance-mixed.pdf,finance,mixed,200,ultracrepidarian,المضاهاة,wathiqrare0489,47615,c11d5f5b73d3092b5eed39defb18f314f901337438d42706051e1d2d67fed754
490,pdf,pdf/sample-0490-human-resources-english.pdf,human-resources,english,200,palimpsest,الاستيثاق,wathiqrare0490,45250,71d24ecbcb8e476c6ceb78bf52985118fdb24e16084eeb6e62b839f3b966939d
491,pdf,pdf/sample-0491-general-administration-arabic.pdf,general-administration,arabic,200,quincunx,الاستعصاء,wathiqrare0491,46045,986c3d1f0c7a32de29863f31a1906bca4bba3be1be49e9b80a149a379c5916e1
492,pdf,pdf/sample-0492-asset-management-mixed.pdf,asset-management,mixed,200,zeugma,التبويب,wathiqrare0492,46437,5d40c783e5ae4947c23ae643e5adff2745de7344bd72d9b8127a50563083484b
493,pdf,pdf/sample-0493-records-management-english.pdf,records-management,english,200,syzygy,الاستدامة,wathiqrare0493,45828,f19ddba91678d9037ee6e1f1bdc6e3e4212d4f68023732e9403209105079be35
494,pdf,pdf/sample-0494-project-management-arabic.pdf,project-management,arabic,200,susurrus,الاستدلال,wathiqrare0494,46151,75f4382efde2e715a94faf7e9ba79e6f43d2b0174ab6588c897b2c9e42adb1d8
495,pdf,pdf/sample-0495-information-technology-mixed.pdf,information-technology,mixed,200,velleity,الاستقراء,wathiqrare0495,48508,137b7695c3771a6c9bf82db632933ed7c43c99f76cccd2347bd6bfa4b816711a
496,pdf,pdf/sample-0496-procurement-english.pdf,procurement,english,200,anfractuous,الاستدراك,wathiqrare0496,44696,063852a19e7b41b45738ee0ac3035916617fba6e681154147852f808d7a6b51e
497,pdf,pdf/sample-0497-finance-arabic.pdf,finance,arabic,200,crepuscular,التغاير,wathiqrare0497,46601,7bebc5a80d6db5cb7f7b91398d8c0bc8546a66e6d2c8df8fd3feb0624e9a82c5
498,pdf,pdf/sample-0498-human-resources-mixed.pdf,human-resources,mixed,200,psithurism,التماثل,wathiqrare0498,46892,40a33d4a50fd11301c33764a0d74b380d4c8a3a4298740ea1cd523b5f4d4d7e1
499,pdf,pdf/sample-0499-general-administration-english.pdf,general-administration,english,200,ultracrepidarian,المضاهاة,wathiqrare0499,44854,f53aa7db384260e1ff1d94b42bb32cd7055d1381a06cbf983e9e3d5f1e8892dd
500,pdf,pdf/sample-0500-asset-management-arabic.pdf,asset-management,arabic,200,palimpsest,الاستيثاق,wathiqrare0500,45743,55f0d5b5c5e9939d8e849dc8328d9372910ff419c4df68122436cb70e3349fed
501,pdf,pdf/sample-0501-records-management-mixed.pdf,records-management,mixed,200,quincunx,الاستعصاء,wathiqrare0501,47283,6211f79b96be71f364de9d0e8c0588bff62f228e54afa6760d75a9577adba1ff
502,pdf,pdf/sample-0502-project-management-english.pdf,project-management,english,200,zeugma,التبويب,wathiqrare0502,45543,3a223847f38a19aa53c7bf72e6a46c343dbe86b5f1c2209c8e787cef6e46e420
503,pdf,pdf/sample-0503-information-technology-arabic.pdf,information-technology,arabic,200,syzygy,الاستدامة,wathiqrare0503,47656,c181ce9585a2444396511ff6f75187b596f47dc8f76ed6aacf96b7ae8b88acfd
504,pdf,pdf/sample-0504-procurement-mixed.pdf,procurement,mixed,200,susurrus,الاستدلال,wathiqrare0504,45593,b0070a5fa31f17f4baa8c75ef91fd2aec5d2d1467dede4a72712dafc371be9f8
505,pdf,pdf/sample-0505-finance-english.pdf,finance,english,200,velleity,الاستقراء,wathiqrare0505,45235,1dcda913b63b0450ba9beb2d577aa617f617c4757d1f223f4cb504bba97eef4b
506,pdf,pdf/sample-0506-human-resources-arabic.pdf,human-resources,arabic,200,anfractuous,الاستدراك,wathiqrare0506,46379,de63bd5b0e977473b48797860656e278c6880d48d13aac67f8c099efabb7667a
507,pdf,pdf/sample-0507-general-administration-mixed.pdf,general-administration,mixed,200,crepuscular,التغاير,wathiqrare0507,46478,261275ce807fd77dfa9dd7abfc5fd96767157c3a9dae0e5ea14eae608a887c2b
508,pdf,pdf/sample-0508-asset-management-english.pdf,asset-management,english,200,psithurism,التماثل,wathiqrare0508,44669,1b8570acb06c005af20ae43779fde84c70414b3a30d6ec6b6a4e05fd4080271c
509,pdf,pdf/sample-0509-records-management-arabic.pdf,records-management,arabic,200,ultracrepidarian,المضاهاة,wathiqrare0509,46202,c79949f15bd8a338bfbe35f01f49ca02578b7c2496f83aad920dd59cc4222c30
510,pdf,pdf/sample-0510-project-management-mixed.pdf,project-management,mixed,200,palimpsest,الاستيثاق,wathiqrare0510,47196,60be358a466cb63a02404bf9d6918d1c1cd92dd9ffb63f6745e3b028c29b97ed
511,pdf,pdf/sample-0511-information-technology-english.pdf,information-technology,english,200,quincunx,الاستعصاء,wathiqrare0511,46056,8e2856049010cbca3c336517d6027e5a8c45d26a66bd48c89150683e9f999ab1
512,pdf,pdf/sample-0512-procurement-arabic.pdf,procurement,arabic,200,zeugma,التبويب,wathiqrare0512,45094,ea14297f38f7fd12b9097f7607fb1726a5180885333ffd5cc27e79fb1288df1e
513,pdf,pdf/sample-0513-finance-mixed.pdf,finance,mixed,200,syzygy,الاستدامة,wathiqrare0513,47479,610adb3ba56717268f55c74aab11d13caa4f05576e284c873e68eefe9480b848
514,pdf,pdf/sample-0514-human-resources-english.pdf,human-resources,english,200,susurrus,الاستدلال,wathiqrare0514,45373,5ad86a287f7ce85897f44b84df2cf7077343bf0942ef306824b49647349e326d
515,pdf,pdf/sample-0515-general-administration-arabic.pdf,general-administration,arabic,200,velleity,الاستقراء,wathiqrare0515,45770,0e6cce7c4da17963e072c9bfbbdd2bacb21bc759b80c1638cd84934562874675
516,pdf,pdf/sample-0516-asset-management-mixed.pdf,asset-management,mixed,200,anfractuous,الاستدراك,wathiqrare0516,46283,56414f05473145d21c79e51887d549085a5d9295b776c04711707d6e23b5a030
517,pdf,pdf/sample-0517-records-management-english.pdf,records-management,english,200,crepuscular,التغاير,wathiqrare0517,45505,f942684d521ca8c350834cbd456fecb793ee50ff4f99bccd9adff33a11254b6c
518,pdf,pdf/sample-0518-project-management-arabic.pdf,project-management,arabic,200,psithurism,التماثل,wathiqrare0518,46549,723876ea886d6956084de605f6f601201581bc0a128a1e8689791b3ae3ada20a
519,pdf,pdf/sample-0519-information-technology-mixed.pdf,information-technology,mixed,200,ultracrepidarian,المضاهاة,wathiqrare0519,48424,42e98df79e5a7478bddfa6cc64bff7b2427597965da336c041fa8af4205345bd
520,pdf,pdf/sample-0520-procurement-english.pdf,procurement,english,200,palimpsest,الاستيثاق,wathiqrare0520,44477,c1d6ef2a968cc2d97cbbf606949b8bae17d57cb6e4f10ba12bf54d292cc8b1d9
521,pdf,pdf/sample-0521-finance-arabic.pdf,finance,arabic,200,quincunx,الاستعصاء,wathiqrare0521,46923,aca191d5099f1792843406e55dfa6a97f97c8fc37100cdbe0299ade72ee51271
522,pdf,pdf/sample-0522-human-resources-mixed.pdf,human-resources,mixed,200,zeugma,التبويب,wathiqrare0522,46716,776b2588185e1d641d5eab7d86b2dea6bdb5b5a947557b10dd09cac78ace36d9
523,pdf,pdf/sample-0523-general-administration-english.pdf,general-administration,english,200,syzygy,الاستدامة,wathiqrare0523,45358,7186c3b62879715c83b009ce586108d30896bca627a53d250ac8434785f70d3f
524,pdf,pdf/sample-0524-asset-management-arabic.pdf,asset-management,arabic,200,susurrus,الاستدلال,wathiqrare0524,45994,7b11bece27049503eb2a2b69211fb6632d53bae54cc62e0959c485b4060f3dcd
525,pdf,pdf/sample-0525-records-management-mixed.pdf,records-management,mixed,200,velleity,الاستقراء,wathiqrare0525,47152,455a097f64183abf3e6889f495734941a790cbf0cd0097cf28befb9791ab267c
526,pdf,pdf/sample-0526-project-management-english.pdf,project-management,english,200,anfractuous,الاستدراك,wathiqrare0526,45609,a6d0cf92f40dabd8a9e72c55b51253913bc19c13faac983f77b0b6549d9e39d6
527,pdf,pdf/sample-0527-information-technology-arabic.pdf,information-technology,arabic,200,crepuscular,التغاير,wathiqrare0527,47512,ce324c1c1f8ad136fa423cefff2bedce4ab1f2177bb57a76aa1c512092722816
528,pdf,pdf/sample-0528-procurement-mixed.pdf,procurement,mixed,200,psithurism,التماثل,wathiqrare0528,46027,de91340ee85cd42f68e7d7f9eb097e42878b193cb9c4b8c1fb3d3c93306828a7
529,pdf,pdf/sample-0529-finance-english.pdf,finance,english,200,ultracrepidarian,المضاهاة,wathiqrare0529,46103,4f56b45871d0f0390b46f239a7881eca9966fdfcaf42ef1fe73de52ef33f3d31
530,pdf,pdf/sample-0530-human-resources-arabic.pdf,human-resources,arabic,200,palimpsest,الاستيثاق,wathiqrare0530,46254,3ff0a4f75f6ff3a00fa1adf026d9cdb0d3de6d04551f763f5eea868fd8481df9
531,pdf,pdf/sample-0531-general-administration-mixed.pdf,general-administration,mixed,200,quincunx,الاستعصاء,wathiqrare0531,47074,0090ac9c6578a616816f12c84d7c4fd076940ab3b3b2ff7262759775d27d97f2
532,pdf,pdf/sample-0532-asset-management-english.pdf,asset-management,english,200,zeugma,التبويب,wathiqrare0532,45153,a099ac7f4cbf122c89688d02ebacf865dbf6974315328c477b903381c94e6e97
533,pdf,pdf/sample-0533-records-management-arabic.pdf,records-management,arabic,200,syzygy,الاستدامة,wathiqrare0533,46481,df3fbff604ee082e55c81231d7343d47366a3b19eb8fffaa848d64c2185c05a1
534,pdf,pdf/sample-0534-project-management-mixed.pdf,project-management,mixed,200,susurrus,الاستدلال,wathiqrare0534,47444,4806404859bb521d0c687d0cfc43ff99c5f49efb8e1ae2d4dd1f0b8ce5e8c4ca
535,pdf,pdf/sample-0535-information-technology-english.pdf,information-technology,english,200,velleity,الاستقراء,wathiqrare0535,46225,a5af21af93c8243b270091e36f5d697ad2d2aeb26f0d207b06b7ce598ace5c2c
536,pdf,pdf/sample-0536-procurement-arabic.pdf,procurement,arabic,200,anfractuous,الاستدراك,wathiqrare0536,45389,e8f1cd0c44fa187e6b3ad80ed2de127b66da035aa69a5994529e8ac475d82c91
537,pdf,pdf/sample-0537-finance-mixed.pdf,finance,mixed,200,crepuscular,التغاير,wathiqrare0537,47295,05d23d13476698c81aad786d57a64a53a403a72e1257867364faf3303c3f7d3a
538,pdf,pdf/sample-0538-human-resources-english.pdf,human-resources,english,200,psithurism,التماثل,wathiqrare0538,45488,f35495b0217cef699e40091c2563783cc08ba2f80ee0b38411e9838e3e6830ba
539,pdf,pdf/sample-0539-general-administration-arabic.pdf,general-administration,arabic,200,ultracrepidarian,المضاهاة,wathiqrare0539,46298,4a5f0839e094d53c15d0bb3282caed25e681d6e9fb208ddd34e39e178a003bf0
540,pdf,pdf/sample-0540-asset-management-mixed.pdf,asset-management,mixed,200,palimpsest,الاستيثاق,wathiqrare0540,46011,f7d846af28ef5b5bd4c7abc0854c8415bc218f46fefc28c01a847cc1eec7e6fe
541,pdf,pdf/sample-0541-records-management-english.pdf,records-management,english,200,quincunx,الاستعصاء,wathiqrare0541,45906,02ea7e41a132cde684cd3de809de091043c0de6a9a1cbf9e687b0af2d67aafa1
542,pdf,pdf/sample-0542-project-management-arabic.pdf,project-management,arabic,200,zeugma,التبويب,wathiqrare0542,46587,268dcba351f636b422871444ac3e7ae69c2639987a3d99844d930f7c8a45131d
543,pdf,pdf/sample-0543-information-technology-mixed.pdf,information-technology,mixed,200,syzygy,الاستدامة,wathiqrare0543,48747,826c2182a015b512c2ff833e1d4bcf8a8fa1d4704bb61b6ee527d09556c49f21
544,pdf,pdf/sample-0544-procurement-english.pdf,procurement,english,200,susurrus,الاستدلال,wathiqrare0544,44350,298afc31b2e27560fda38387b1a73039c783b06f1b74f39eb3c8b68b7211ae68
545,pdf,pdf/sample-0545-finance-arabic.pdf,finance,arabic,200,velleity,الاستقراء,wathiqrare0545,46752,c597128216e7b15125915b51298fae54ca698c6f2aa4dc61bb99453bfe601289
546,pdf,pdf/sample-0546-human-resources-mixed.pdf,human-resources,mixed,200,anfractuous,الاستدراك,wathiqrare0546,46965,15ab1f46a0a446fc3e88c9b80ab1d0052e2a4adf62eeba6134b52cc0d21340a2
547,pdf,pdf/sample-0547-general-administration-english.pdf,general-administration,english,200,crepuscular,التغاير,wathiqrare0547,44902,3cf042426b27035da9e463ed36e693a2a85952e6658efaac6dd8b86e3e964142
548,pdf,pdf/sample-0548-asset-management-arabic.pdf,asset-management,arabic,200,psithurism,التماثل,wathiqrare0548,46208,80e9aebe218e7daff24a94f2265599f6a5ed2104c7bace6e9879f74495b62d6e
549,pdf,pdf/sample-0549-records-management-mixed.pdf,records-management,mixed,200,ultracrepidarian,المضاهاة,wathiqrare0549,47305,086e93029018bc3ecf30679065b9c976cccbd659a83d6120da601524b39ff686
550,pdf,pdf/sample-0550-project-management-english.pdf,project-management,english,200,palimpsest,الاستيثاق,wathiqrare0550,45328,f94ee9125e0b381744bbc88ac1089a1b008598ceb3e79ed38af7bd09258ca045
551,pdf,pdf/sample-0551-information-technology-arabic.pdf,information-technology,arabic,200,quincunx,الاستعصاء,wathiqrare0551,47133,da746de8a2251751cd005494dc2331b1f6e2178a84cec7ebf9b3e4d077c206a4
552,pdf,pdf/sample-0552-procurement-mixed.pdf,procurement,mixed,200,zeugma,التبويب,wathiqrare0552,45640,50f561edff16edbe98c36979a5f81f7f950d4d43d9deba90cce9e8ffbc8c7557
553,pdf,pdf/sample-0553-finance-english.pdf,finance,english,200,syzygy,الاستدامة,wathiqrare0553,45738,120e4f3a539e4f10475b947a3c00521b5cd9574318dacce813380c48979bed68
554,pdf,pdf/sample-0554-human-resources-arabic.pdf,human-resources,arabic,200,susurrus,الاستدلال,wathiqrare0554,46108,9216f6bb38e62ee581564c91d2f5ab3da6dcdf4ec950f19149386c036a00324c
555,pdf,pdf/sample-0555-general-administration-mixed.pdf,general-administration,mixed,200,velleity,الاستقراء,wathiqrare0555,46582,94469047d746c2326ee21ca7049065bfc9ba1bc5f9c9ac17b8767a2f433f14bd
556,pdf,pdf/sample-0556-asset-management-english.pdf,asset-management,english,200,anfractuous,الاستدراك,wathiqrare0556,44450,7c71f287d77642689b26fd27d635ec8e7331f069b7f82adb2d2d7bb235fdc2d9
557,pdf,pdf/sample-0557-records-management-arabic.pdf,records-management,arabic,200,crepuscular,التغاير,wathiqrare0557,45783,a22f20b34e120302b8a18e4592e7085ce6e1b327f5065ac8336e3f59f8806ee2
558,pdf,pdf/sample-0558-project-management-mixed.pdf,project-management,mixed,200,psithurism,التماثل,wathiqrare0558,47230,9e56a3a0907e1a47f8cbfceb4c7a86e29ab81ed4c18d8c41a83b445a37bb91b7
559,pdf,pdf/sample-0559-information-technology-english.pdf,information-technology,english,200,ultracrepidarian,المضاهاة,wathiqrare0559,46188,8f3620b50b0f96bd738567e6dc8582a6a7a34ae35d87a2d62d91718c770910e9
560,pdf,pdf/sample-0560-procurement-arabic.pdf,procurement,arabic,200,palimpsest,الاستيثاق,wathiqrare0560,45335,3b0fd9cbb38dd420ebf696f613d2a739667d0652a9d1ea07c0293313faa05cc9
561,pdf,pdf/sample-0561-finance-mixed.pdf,finance,mixed,200,quincunx,الاستعصاء,wathiqrare0561,47351,ffee7bec47539e5a5ede9ff9127d9852e1214dcf94afd6f038972b06156b0563
562,pdf,pdf/sample-0562-human-resources-english.pdf,human-resources,english,200,zeugma,التبويب,wathiqrare0562,45438,c234e9c68526b53889544c5439af3c854fd9f039e5514ae908fd48cf1c416871
563,pdf,pdf/sample-0563-general-administration-arabic.pdf,general-administration,arabic,200,syzygy,الاستدامة,wathiqrare0563,46732,904981221a71a152be042e277f55261ab1318177c6769b151091f687f21aa1e9
564,pdf,pdf/sample-0564-asset-management-mixed.pdf,asset-management,mixed,200,susurrus,الاستدلال,wathiqrare0564,46157,22e422736f9433c584aae45dd506cbf2f6159d59c220a8625dde993e0186372a
565,pdf,pdf/sample-0565-records-management-english.pdf,records-management,english,200,velleity,الاستقراء,wathiqrare0565,45570,cb01a2d46d8efa2a21bf629f5a720120ce57c36d13dd8d6b8ce423822b8afdea
566,pdf,pdf/sample-0566-project-management-arabic.pdf,project-management,arabic,200,anfractuous,الاستدراك,wathiqrare0566,46296,8f25b68c4013c44ce29d274aec20776fec070613583b5fc02c0eb691299eb75a
567,pdf,pdf/sample-0567-information-technology-mixed.pdf,information-technology,mixed,200,crepuscular,التغاير,wathiqrare0567,48404,3e7344f134953acde9cc30382563d1813f5b16f30b7d0999a28d4dff5fc195d3
568,pdf,pdf/sample-0568-procurement-english.pdf,procurement,english,200,psithurism,التماثل,wathiqrare0568,44958,79802466b4714acbb220eb1d9a33a46cd9c00c1c8c9aac1d8d5b9cda5b2cb409
569,pdf,pdf/sample-0569-finance-arabic.pdf,finance,arabic,200,ultracrepidarian,المضاهاة,wathiqrare0569,47124,0a9e68c63c9df605d766c7c81879691ce4731318b92391c8f728d03e263c2143
570,pdf,pdf/sample-0570-human-resources-mixed.pdf,human-resources,mixed,200,palimpsest,الاستيثاق,wathiqrare0570,46595,13d8213b348434872fe74b6ed3e8e82ee92b78f049ae8070058895172ab0a731
571,pdf,pdf/sample-0571-general-administration-english.pdf,general-administration,english,200,quincunx,الاستعصاء,wathiqrare0571,45199,6c6bc3339553dd339b659ec3bb5e5f63c28c3efda406ea447909cb4aa99d4ddb
572,pdf,pdf/sample-0572-asset-management-arabic.pdf,asset-management,arabic,200,zeugma,التبويب,wathiqrare0572,45957,8f28a038c27dbc726c701e9a185e4fdfa3fbcd8996f51256add202f7eb4ba0e0
573,png,png/sample-0573-records-management-arabic.png,records-management,arabic,200,syzygy,الاستدامة,wathiqrare0573,162148,707ae73b2858d6949344e740b65e41f9a32eb4ccc6d67760dc9c899b658ba9e6
574,png,png/sample-0574-project-management-mixed.png,project-management,mixed,200,susurrus,الاستدلال,wathiqrare0574,168310,a0ab2f43852e173f020774b8f00cd121fe29502cdefe873142273aeb8ec64fb7
575,png,png/sample-0575-information-technology-english.png,information-technology,english,200,velleity,الاستقراء,wathiqrare0575,170510,b739a8dfb5eae2c268541711e44deb3c7e6f1483eb5bc133e305dfad09a5af4c
576,png,png/sample-0576-procurement-arabic.png,procurement,arabic,200,anfractuous,الاستدراك,wathiqrare0576,165389,95a22f31a8829bb09eaf1444fe23c45f58db44a561fea119684ebb4e061a2fa8
577,png,png/sample-0577-finance-mixed.png,finance,mixed,200,crepuscular,التغاير,wathiqrare0577,171126,5a659768c6a7b506a067e62e93408e4484bf1af5087e7bfae226efd063beea80
578,png,png/sample-0578-human-resources-english.png,human-resources,english,200,psithurism,التماثل,wathiqrare0578,169637,395022b6c3928192dd4eb4a61b3552b5007829690a4aada63dc6392fe7d110b2
579,png,png/sample-0579-general-administration-arabic.png,general-administration,arabic,200,ultracrepidarian,المضاهاة,wathiqrare0579,172765,747d43e1ec8ed77c8c2c4586007aa3fea0b16b9d21f0a175898c94f797e69d29
580,png,png/sample-0580-asset-management-mixed.png,asset-management,mixed,200,palimpsest,الاستيثاق,wathiqrare0580,175635,da521add550bb36ce99f2ebaeddecda3abe10eb25210edcf4d49482e3656148f
581,png,png/sample-0581-records-management-english.png,records-management,english,200,quincunx,الاستعصاء,wathiqrare0581,162529,0b792a6c94a2802d9c659dead92866ac939d86d6eb8cc068089375fe145d755d
582,png,png/sample-0582-project-management-arabic.png,project-management,arabic,200,zeugma,التبويب,wathiqrare0582,161442,1f199b172cb9d4833fce394e50cefac414dd3c5eebd5d9507a8f0d6bff5c93fc
583,png,png/sample-0583-information-technology-mixed.png,information-technology,mixed,200,syzygy,الاستدامة,wathiqrare0583,175036,0f4b6a8801c085be28ed808a68c52555dfac31ddf81b0156c7bd8fc03608c40c
584,png,png/sample-0584-procurement-english.png,procurement,english,200,susurrus,الاستدلال,wathiqrare0584,175575,8d3cee3c299489eb8fc59dc29613d923927e79e144806535eb3a8c6b750dce47
585,png,png/sample-0585-finance-arabic.png,finance,arabic,200,velleity,الاستقراء,wathiqrare0585,166343,0a5b52df5657a4c1921748dd24c14acbb8a9c7c79c7e3ecefbe0770921949e07
586,png,png/sample-0586-human-resources-mixed.png,human-resources,mixed,200,anfractuous,الاستدراك,wathiqrare0586,178292,25fe663ff1144a9491d909e1a8f38bd93af91a36214d836c3d52344504cdcfb6
587,png,png/sample-0587-general-administration-english.png,general-administration,english,200,crepuscular,التغاير,wathiqrare0587,165840,7d0a14bfb15f6ce4e3d3acb007e8b005c36c77fa40eef6aea30927919d69e82a
588,png,png/sample-0588-asset-management-arabic.png,asset-management,arabic,200,psithurism,التماثل,wathiqrare0588,170497,23003693af9631351e79712573e5a8057046d7cfd5f0e3e846ae5bb033040b7e
589,png,png/sample-0589-records-management-mixed.png,records-management,mixed,200,ultracrepidarian,المضاهاة,wathiqrare0589,171955,0583ea312ccc9a10d06bcff5bf9333d4642389cc54a75340e64d7f2f3bf14c8c
590,png,png/sample-0590-project-management-english.png,project-management,english,200,palimpsest,الاستيثاق,wathiqrare0590,165695,bc935ab56cd591f850dbb6fc6da2ba3119c869c849a7296ed3136234ed68df2e
591,png,png/sample-0591-information-technology-arabic.png,information-technology,arabic,200,quincunx,الاستعصاء,wathiqrare0591,163572,3b3185ff95b5f145931895d18c0cb2f74e91007f66799e65396f96beaa5db48c
592,png,png/sample-0592-procurement-mixed.png,procurement,mixed,200,zeugma,التبويب,wathiqrare0592,175614,0c6ff1989215d519c2eab275527b267504e64e2d21cbc7992780fe4c6243efbb
593,png,png/sample-0593-finance-english.png,finance,english,200,syzygy,الاستدامة,wathiqrare0593,167118,fecf9eb031ddde8d607ad919cc9e86c4856a840dea81c4fe0e9fa3ee94ed11ac
594,png,png/sample-0594-human-resources-arabic.png,human-resources,arabic,200,susurrus,الاستدلال,wathiqrare0594,169015,b8fd135cbfeb334929953c5c9317a5aaf97baec8748003b3285ad93d18be5ee1
595,png,png/sample-0595-general-administration-mixed.png,general-administration,mixed,200,velleity,الاستقراء,wathiqrare0595,172789,8c71e9aad7c81040032b51977b65c2642df0d60b100700718ca5b5385904330d
596,png,png/sample-0596-asset-management-english.png,asset-management,english,200,anfractuous,الاستدراك,wathiqrare0596,165111,2723e8796f1c4ea29ac07d2f8a92392a03dcc49bd6e7e278a8506b32b3ea6bc5
597,png,png/sample-0597-records-management-arabic.png,records-management,arabic,200,crepuscular,التغاير,wathiqrare0597,163887,a8f42c247aaf99c0653918f7f176b6ea01bf3268c7c24ba069ef3f6e711e2d02
598,png,png/sample-0598-project-management-mixed.png,project-management,mixed,200,psithurism,التماثل,wathiqrare0598,167896,ca67d8c70829adb485fc517ef77832a2e6234edbbfd4f238d14f70c63d3977bc
599,png,png/sample-0599-information-technology-english.png,information-technology,english,200,ultracrepidarian,المضاهاة,wathiqrare0599,171107,c9fa5596e06c31e3fff348708df8f7580c1994ae75c88307693c6c3519c2daa7
600,png,png/sample-0600-procurement-arabic.png,procurement,arabic,200,palimpsest,الاستيثاق,wathiqrare0600,163405,25c6abdd13fff8ce722536685f9701d621034a1232ccd9bc0ffe8f70d51d4c95
601,png,png/sample-0601-finance-mixed.png,finance,mixed,200,quincunx,الاستعصاء,wathiqrare0601,171678,248429063603d0196a85fbd81d66f091d1d04e0780338dccb8effeedd5dfa126
602,png,png/sample-0602-human-resources-english.png,human-resources,english,200,zeugma,التبويب,wathiqrare0602,170168,be2f61cae0f8a95f173e7ed0946b8acfeabb6c3060d569e0bd9990e95a91e2ab
603,png,png/sample-0603-general-administration-arabic.png,general-administration,arabic,200,syzygy,الاستدامة,wathiqrare0603,176433,9d544317f90042cc57de077c78a6c77d8595e49b6170390499f85b05f8f086b1
604,png,png/sample-0604-asset-management-mixed.png,asset-management,mixed,200,susurrus,الاستدلال,wathiqrare0604,175049,20be1c88163571bad85689cf2b375580a2daa7a123da5fa418a7ede8bf7e19ef
605,png,png/sample-0605-records-management-english.png,records-management,english,200,velleity,الاستقراء,wathiqrare0605,166319,05f0858d24af250747cea454fcae4e459d2af65dc6e1c6268535785be49b52f3
606,png,png/sample-0606-project-management-arabic.png,project-management,arabic,200,anfractuous,الاستدراك,wathiqrare0606,158589,ce6014019c135b0095d94657612291d41bf85a8e59ad55c6fcdadd4c924bcf4e
607,png,png/sample-0607-information-technology-mixed.png,information-technology,mixed,200,crepuscular,التغاير,wathiqrare0607,174150,e5cbddf5f35d1e9c10530085c16c762466a5ab2c7c8a788fec136e469b169349
608,png,png/sample-0608-procurement-english.png,procurement,english,200,psithurism,التماثل,wathiqrare0608,174139,2e972bfe6e62cfb626b0c5bb1560f551e588791b8fa670ebcb707f14ca2848b6
609,png,png/sample-0609-finance-arabic.png,finance,arabic,200,ultracrepidarian,المضاهاة,wathiqrare0609,166494,cd3810d538b48076abada0d814de02ec4f9014af105cfb07a0527b352965a012
610,png,png/sample-0610-human-resources-mixed.png,human-resources,mixed,200,palimpsest,الاستيثاق,wathiqrare0610,178102,a4c976cdc2965da90de6f9ee6576d32e5ab7f472c5917c086719306b70d347b4
611,png,png/sample-0611-general-administration-english.png,general-administration,english,200,quincunx,الاستعصاء,wathiqrare0611,166268,184b0e84af4ed134e7701bef8f60dd5ededbd4f1a4b87a4d7f8fc85424f9dcd1
612,png,png/sample-0612-asset-management-arabic.png,asset-management,arabic,200,zeugma,التبويب,wathiqrare0612,165725,b067b0fb87174aef20155439a2df44f87aa8850419db087585d80f4686917608
613,png,png/sample-0613-records-management-mixed.png,records-management,mixed,200,syzygy,الاستدامة,wathiqrare0613,170949,95abc58b42f1f385e906158270de70e9c19a53b696781e593864f668520b76b9
614,png,png/sample-0614-project-management-english.png,project-management,english,200,susurrus,الاستدلال,wathiqrare0614,165651,998afe24a067e85f9e7312a5d5bf16cc2d6bd9fb8395a19426ac61b8f334d5ed
615,png,png/sample-0615-information-technology-arabic.png,information-technology,arabic,200,velleity,الاستقراء,wathiqrare0615,165972,c258e97bf28d6696d29d3b73c1faea2eeaba03ff153f3c4d7f95fe73add2e5be
616,png,png/sample-0616-procurement-mixed.png,procurement,mixed,200,anfractuous,الاستدراك,wathiqrare0616,175186,d33fa7229c499a662e2da5c3edd34496a2702966d948182f1a5ba30117864e95
617,png,png/sample-0617-finance-english.png,finance,english,200,crepuscular,التغاير,wathiqrare0617,168642,b2efcb1d09814a6bbd47d81e90e1058cf372c84de69671c1c4ac4994ec490234
618,png,png/sample-0618-human-resources-arabic.png,human-resources,arabic,200,psithurism,التماثل,wathiqrare0618,165842,d6af196a70cf568a5ceb76f530668b5745443656ef3fc626945f2453326e688a
619,png,png/sample-0619-general-administration-mixed.png,general-administration,mixed,200,ultracrepidarian,المضاهاة,wathiqrare0619,172230,604c3f2553e85f32d97215004a586d3ac0486d31e1b11164e6e6f60872a4cda4
620,png,png/sample-0620-asset-management-english.png,asset-management,english,200,palimpsest,الاستيثاق,wathiqrare0620,163514,f1582ae004fa25677725cc5205fe56d77ed4efaa4067fe656b80739ddc7ea581
621,png,png/sample-0621-records-management-arabic.png,records-management,arabic,200,quincunx,الاستعصاء,wathiqrare0621,163561,777c257d00fe151084a738c6b47837a9ca708cd0faed580e37a38c512a422a9d
622,png,png/sample-0622-project-management-mixed.png,project-management,mixed,200,zeugma,التبويب,wathiqrare0622,167677,1a5488077c738dfa95be6bcde60eefd1b3aec7dcf82f498c9f961f8d2e690dae
623,png,png/sample-0623-information-technology-english.png,information-technology,english,200,syzygy,الاستدامة,wathiqrare0623,170526,2da20e19c5da18c192eb681ca5172c379475ef1f476b9783d2a581dce5cb954e
624,png,png/sample-0624-procurement-arabic.png,procurement,arabic,200,susurrus,الاستدلال,wathiqrare0624,169937,03b16f89e03b64ef548530401d30630c5e60a2e5f72bdee050f61d4ff715a381
625,png,png/sample-0625-finance-mixed.png,finance,mixed,200,velleity,الاستقراء,wathiqrare0625,172092,61156926b72837437c1d678b68aec419f05832f722aebcfeca630534bc71be22
626,png,png/sample-0626-human-resources-english.png,human-resources,english,200,anfractuous,الاستدراك,wathiqrare0626,167731,82501c67574612e400d5581ace7258032256594cf7a6cf8e9b34fe048673ce24
627,png,png/sample-0627-general-administration-arabic.png,general-administration,arabic,200,crepuscular,التغاير,wathiqrare0627,172117,4dcedbc146f2b3f1c0c42ed1b8897d8c6dff8fd698d54e12e08620388aebc42d
628,png,png/sample-0628-asset-management-mixed.png,asset-management,mixed,200,psithurism,التماثل,wathiqrare0628,174869,c0a6220dd06c4f18b10e77051da20115a9d9bfcd23366efeb1301a378f64687b
629,png,png/sample-0629-records-management-english.png,records-management,english,200,ultracrepidarian,المضاهاة,wathiqrare0629,166635,84a71d5906b39e58c76b5968879ae1b7124f352214eacf67821e0ca435524da5
630,png,png/sample-0630-project-management-arabic.png,project-management,arabic,200,palimpsest,الاستيثاق,wathiqrare0630,157327,31f289ae001556086d0b702511f666306385188425ff3a7dfd544e02d6354e97
631,png,png/sample-0631-information-technology-mixed.png,information-technology,mixed,200,quincunx,الاستعصاء,wathiqrare0631,174596,41a029cc7ab040a01e4c5d0277f22d621dbb93e524022c03269cf7ba85673b75
632,png,png/sample-0632-procurement-english.png,procurement,english,200,zeugma,التبويب,wathiqrare0632,176777,6aa20d90c15becb64499bed15992ef1cda366d774ec5d8dc688ca053201b4a4e
633,png,png/sample-0633-finance-arabic.png,finance,arabic,200,syzygy,الاستدامة,wathiqrare0633,164301,ad52e02a956f3028937d973c4db8a80b8d7d51fa2f8ae3af64087a6b70d9c3d4
634,png,png/sample-0634-human-resources-mixed.png,human-resources,mixed,200,susurrus,الاستدلال,wathiqrare0634,178007,6ea431372be3c945f743720e40840d58c80846d5d387e93a73cc9bcb90eb9f8c
635,png,png/sample-0635-general-administration-english.png,general-administration,english,200,velleity,الاستقراء,wathiqrare0635,165381,0008b8be7de63b267aa981ecb5c1733b8caab2d48c390dce1964a9e3f3160dc2
636,png,png/sample-0636-asset-management-arabic.png,asset-management,arabic,200,anfractuous,الاستدراك,wathiqrare0636,164703,34b98f8c0526884dab0728421a9230108bfb054e7a051e0effdff4d5b2277e7e
637,png,png/sample-0637-records-management-mixed.png,records-management,mixed,200,crepuscular,التغاير,wathiqrare0637,171080,b788d137454bdf39dcf49be3e7b0e229f169ceea9b943efb7c604558c67e149e
638,png,png/sample-0638-project-management-english.png,project-management,english,200,psithurism,التماثل,wathiqrare0638,165992,357ccd726eb80db9036051f7039dc9868ab7b4f713898b06c74c27796c073e03
639,png,png/sample-0639-information-technology-arabic.png,information-technology,arabic,200,ultracrepidarian,المضاهاة,wathiqrare0639,170064,da6b0eb794d1bd4a50023e328bc1d8ec381a16b1cb84597a9f07e532fec8b53f
640,png,png/sample-0640-procurement-mixed.png,procurement,mixed,200,palimpsest,الاستيثاق,wathiqrare0640,176035,1b54be76dd2b14f50d0ba1ab92746a8e042794dfa44fe623fd47b04124f189d8
641,png,png/sample-0641-finance-english.png,finance,english,200,quincunx,الاستعصاء,wathiqrare0641,166128,84b04e575d8ee20b2d3508e47218deb616594494bf884e455168a9b259308e7d
642,png,png/sample-0642-human-resources-arabic.png,human-resources,arabic,200,zeugma,التبويب,wathiqrare0642,164820,604260703208af83d4d0e10e21b5cb0ca96659df3f6300a1e10e039ae0ed3188
643,png,png/sample-0643-general-administration-mixed.png,general-administration,mixed,200,syzygy,الاستدامة,wathiqrare0643,173204,9261820b3a042d0ee380a1b9a4f6f8bd5d9f3ff4558b5e14111775e0eeb069c0
644,png,png/sample-0644-asset-management-english.png,asset-management,english,200,susurrus,الاستدلال,wathiqrare0644,164605,ffe6c1584dd8bd51906248e62e8edad97dc632c130dddc16785886a7db9ab75f
645,png,png/sample-0645-records-management-arabic.png,records-management,arabic,200,velleity,الاستقراء,wathiqrare0645,165181,0ce9059cfb8c2e3c90156db8f8c14227e8f6ea5506548545009a0d51a812025f
646,png,png/sample-0646-project-management-mixed.png,project-management,mixed,200,anfractuous,الاستدراك,wathiqrare0646,168144,9772b0946e590e5dada218682219e390643d3a817e363447da81b871fe5019a0
647,png,png/sample-0647-information-technology-english.png,information-technology,english,200,crepuscular,التغاير,wathiqrare0647,167910,7e0914e3fbc07510501a918b4e67f4d44105bb70ca8a551ac91e1837d98677fa
648,png,png/sample-0648-procurement-arabic.png,procurement,arabic,200,psithurism,التماثل,wathiqrare0648,168798,2df3397a77810139937c8fa0aff8024d5500b9eee4db7dd037361806551f39d9
649,png,png/sample-0649-finance-mixed.png,finance,mixed,200,ultracrepidarian,المضاهاة,wathiqrare0649,173894,582bc19bf46d06243ebaecc87e9fff3a78c529a55b0b5b519dec4550e6060bf4
650,png,png/sample-0650-human-resources-english.png,human-resources,english,200,palimpsest,الاستيثاق,wathiqrare0650,168631,2f17643d5e711b9669e71ed9ee7fd75aaeda7d5b883d792da741537399d2bf4a
651,png,png/sample-0651-general-administration-arabic.png,general-administration,arabic,200,quincunx,الاستعصاء,wathiqrare0651,172347,a74a556af6da518abbdb9d857296c9adf728c21985768e24ff3d69d11802afd0
652,png,png/sample-0652-asset-management-mixed.png,asset-management,mixed,200,zeugma,التبويب,wathiqrare0652,175017,86ae2970dc6df3dcfb59a7867e10761a99e4bf9598fc2cb0a0e2b78dfbcd5577
653,png,png/sample-0653-records-management-english.png,records-management,english,200,syzygy,الاستدامة,wathiqrare0653,165116,343ce67ddbffc3bbbef0797f2025d773145b85f16fe28b62833d0487d96e811b
654,png,png/sample-0654-project-management-arabic.png,project-management,arabic,200,susurrus,الاستدلال,wathiqrare0654,160330,30173f9ff123c0cdbf8d323073f14d00c154698646a5a615cc15f43201f6cdbe
655,png,png/sample-0655-information-technology-mixed.png,information-technology,mixed,200,velleity,الاستقراء,wathiqrare0655,174522,b351301dc978d172336f80aad2a4c65bcc5898a3dfb9fb5a4e21f0b12a109715
656,png,png/sample-0656-procurement-english.png,procurement,english,200,anfractuous,الاستدراك,wathiqrare0656,174588,13548ce1bd359aca087653fc6a879b0b5e40e1613616bc4f83db0b394d9dab10
657,png,png/sample-0657-finance-arabic.png,finance,arabic,200,crepuscular,التغاير,wathiqrare0657,165012,21978f3f1c08193fbf93a20fa0a9a3bfb359ce57b2de3b9b16d5644927af192a
658,png,png/sample-0658-human-resources-mixed.png,human-resources,mixed,200,psithurism,التماثل,wathiqrare0658,178241,5913d945954ecca31d6f8e0bd67c917c9e168444c74bfc97b21b62f67955cd2b
659,png,png/sample-0659-general-administration-english.png,general-administration,english,200,ultracrepidarian,المضاهاة,wathiqrare0659,167975,ce28bd7d8386fdb20f2a9b4c6b583b289d843c547d108aa36fb9e2730e39e4d7
660,png,png/sample-0660-asset-management-arabic.png,asset-management,arabic,200,palimpsest,الاستيثاق,wathiqrare0660,167435,d561eeb7938f9279845e697d686ad7c743f552fa6eb64f49e0610610bdcf82e0
661,png,png/sample-0661-records-management-mixed.png,records-management,mixed,200,quincunx,الاستعصاء,wathiqrare0661,171065,83bbf181c11e0949cb40fe2fdc9df6be5e25bcc68611a956b3cd26fb8b344948
662,png,png/sample-0662-project-management-english.png,project-management,english,200,zeugma,التبويب,wathiqrare0662,163463,60240ddfa01cd0be65278c0f21963e44f64c1bcb87e258f45373e9976abae1cd
663,png,png/sample-0663-information-technology-arabic.png,information-technology,arabic,200,syzygy,الاستدامة,wathiqrare0663,170622,e6b7a7c5464b128c756c194e2784a3acc7e08fb570879ed1e5be5242f946aad2
664,png,png/sample-0664-procurement-mixed.png,procurement,mixed,200,susurrus,الاستدلال,wathiqrare0664,175637,04e1000afe68dacd9b20c15fe45a25e38bac35c1af0552aa54eba17e75f7588d
665,png,png/sample-0665-finance-english.png,finance,english,200,velleity,الاستقراء,wathiqrare0665,167287,53ee2391ae329722f9cf62c37d425134f49e0ec7474c28674bd1fbf1c1517dbf
666,png,png/sample-0666-human-resources-arabic.png,human-resources,arabic,200,anfractuous,الاستدراك,wathiqrare0666,167023,1c0bb9d811df5eb951351d9dbb141e73a1ff0b032a761c45ad19eb39d7d83211
667,png,png/sample-0667-general-administration-mixed.png,general-administration,mixed,200,crepuscular,التغاير,wathiqrare0667,172727,8f01f9c48f10267f4ced3bed0c628966d566740f6024c9b11acf39024ad31a9b
668,png,png/sample-0668-asset-management-english.png,asset-management,english,200,psithurism,التماثل,wathiqrare0668,161636,4ac39b787f73edc28722509a74832218be0dd61830b989ce06921afe80534089
669,png,png/sample-0669-records-management-arabic.png,records-management,arabic,200,ultracrepidarian,المضاهاة,wathiqrare0669,168090,18d784dfe1b15fd93c3e09e937c9ca21c6f6140818a51b8be45cd66ceca1ace1
670,png,png/sample-0670-project-management-mixed.png,project-management,mixed,200,palimpsest,الاستيثاق,wathiqrare0670,168534,0bdc0a052d93c3593ab8f30194ca65eb29b4350046d0610b8b3cea6826b4db6b
671,png,png/sample-0671-information-technology-english.png,information-technology,english,200,quincunx,الاستعصاء,wathiqrare0671,170097,9232290c56757c4bf84f7123f2d144f1941e03de683763fdd4ef4f8382be7a10
672,png,png/sample-0672-procurement-arabic.png,procurement,arabic,200,zeugma,التبويب,wathiqrare0672,167407,66d41f575662a82e24b75538ed37544d92c015916c321657d9583f9494e2a8a2
673,png,png/sample-0673-finance-mixed.png,finance,mixed,200,syzygy,الاستدامة,wathiqrare0673,172212,14b68ab17601e4ee8c3e6fbee65fbb247ea550073529106015baa633bb9caab5
674,png,png/sample-0674-human-resources-english.png,human-resources,english,200,susurrus,الاستدلال,wathiqrare0674,169303,9c86dbbc70a4fecf5c5e005a03dcd0ef5618a8bd3f99b93ba2d933e41f1db772
675,png,png/sample-0675-general-administration-arabic.png,general-administration,arabic,200,velleity,الاستقراء,wathiqrare0675,170811,98b18c345c9db43a3acb53282ea1af2092afa62abeb6279a0fd6fb1d2e5ad04f
676,png,png/sample-0676-asset-management-mixed.png,asset-management,mixed,200,anfractuous,الاستدراك,wathiqrare0676,174765,2d4b76932b459099d739a6dadb1322c4904600e2b8f9f38a758bb4c2937a7432
677,png,png/sample-0677-records-management-english.png,records-management,english,200,crepuscular,التغاير,wathiqrare0677,166992,1c46f413fedc66e83e7cbb066df3e61e9432b09e4a3eed3d9d061887c38e1356
678,png,png/sample-0678-project-management-arabic.png,project-management,arabic,200,psithurism,التماثل,wathiqrare0678,164710,9a03c703dd7e17c65d62e373ac19a517c3759436c346a2a3efe4a5dae546faee
679,png,png/sample-0679-information-technology-mixed.png,information-technology,mixed,200,ultracrepidarian,المضاهاة,wathiqrare0679,175487,9c1b55b7c763b067c5bbf2592df39d0168da2ec704a9845abcd9ccd2248e0407
680,png,png/sample-0680-procurement-english.png,procurement,english,200,palimpsest,الاستيثاق,wathiqrare0680,176216,f3d9b4c1ccded5365325f92d45e1d31b70b044c4eddf1fcb445c29e25b40d760
681,png,png/sample-0681-finance-arabic.png,finance,arabic,200,quincunx,الاستعصاء,wathiqrare0681,164412,c1ee1daded3b82fdc09f256c06fb8f653bc243fd9f923eea61ac411dd6c33d88
682,png,png/sample-0682-human-resources-mixed.png,human-resources,mixed,200,zeugma,التبويب,wathiqrare0682,178392,fe1ce8e264711e1433cccb86400162fcf6d68a65550bfef4ca6f5be20bcfda9c
683,png,png/sample-0683-general-administration-english.png,general-administration,english,200,syzygy,الاستدامة,wathiqrare0683,167209,dac480d811f553658e75762cb16017f8ebd1f42e2c0930db5d542001b43567b6
684,png,png/sample-0684-asset-management-arabic.png,asset-management,arabic,200,susurrus,الاستدلال,wathiqrare0684,166615,a25febc24f25cf2c68c49f4bca30be9be39064e6a8e4f4061724174d40741620
685,png,png/sample-0685-records-management-mixed.png,records-management,mixed,200,velleity,الاستقراء,wathiqrare0685,171048,d3955359d5879c0149e0aecdcf3c1d2d66c371c56a67be90724799151b5c7605
686,png,png/sample-0686-project-management-english.png,project-management,english,200,anfractuous,الاستدراك,wathiqrare0686,160934,21ec15b0aeaa97056dc0670b1f86693f0cd3dc33fccb8b769aedb8cf3905f7ed
687,png,png/sample-0687-information-technology-arabic.png,information-technology,arabic,200,crepuscular,التغاير,wathiqrare0687,163937,b01bf52480aaa075d0da360590fed25e53b35b631a6090d790947f06634a26af
688,png,png/sample-0688-procurement-mixed.png,procurement,mixed,200,psithurism,التماثل,wathiqrare0688,175373,b7cbe52e4dad4459b7f6337e11da84ea342955136cef33f404b58dd7bc9c662c
689,png,png/sample-0689-finance-english.png,finance,english,200,ultracrepidarian,المضاهاة,wathiqrare0689,170957,69380821fad4c3ae3f2be37ce5f2d70b04228f6b93a4b60a33a80bd76c877028
690,png,png/sample-0690-human-resources-arabic.png,human-resources,arabic,200,palimpsest,الاستيثاق,wathiqrare0690,169563,43f842d4e15dacc627af103710015781df45b2a93ed1ee05e4cbc6a95b5d62c0
691,png,png/sample-0691-general-administration-mixed.png,general-administration,mixed,200,quincunx,الاستعصاء,wathiqrare0691,173205,72d92161c1d6d0c831ef58d91b69d52a619248b1d7e48bec37bcf8f4e2564127
692,png,png/sample-0692-asset-management-english.png,asset-management,english,200,zeugma,التبويب,wathiqrare0692,160679,60e2f76fb4ebcaaae9168fd75f74315c8ab57ee83fdcee3d199f406a9a76e52f
693,png,png/sample-0693-records-management-arabic.png,records-management,arabic,200,syzygy,الاستدامة,wathiqrare0693,162561,9bb851d52057f89cc633a8e35bb97854521a0033cadfeca65b16b6b912f962ba
694,png,png/sample-0694-project-management-mixed.png,project-management,mixed,200,susurrus,الاستدلال,wathiqrare0694,168418,166988d4050b841fb6003881fe0bd0ae8db72c522054f319fb855bf43ebe212f
695,png,png/sample-0695-information-technology-english.png,information-technology,english,200,velleity,الاستقراء,wathiqrare0695,170858,655b66ffe8b5ecb3109113faface8271ea26c636510b5c4fb53aa43d38a37183
696,png,png/sample-0696-procurement-arabic.png,procurement,arabic,200,anfractuous,الاستدراك,wathiqrare0696,165160,945902683f6eb896ae5e0096088b2b895727193ee024a949532ccdef4b8d9086
697,png,png/sample-0697-finance-mixed.png,finance,mixed,200,crepuscular,التغاير,wathiqrare0697,171592,e8f0401c7e3f1d38e0b4d22962c482ab2e251556ba8827d6ff513d1cd2457919
698,png,png/sample-0698-human-resources-english.png,human-resources,english,200,psithurism,التماثل,wathiqrare0698,169825,485e50fc6c75148d395e05ad2d0f2246fc734ffc4e3b30eab2a9eed4ec893406
699,png,png/sample-0699-general-administration-arabic.png,general-administration,arabic,200,ultracrepidarian,المضاهاة,wathiqrare0699,172858,cde22843bfedbbcd9881c200ef08dadcd5f21469cea138abd9817c538af29001
700,png,png/sample-0700-asset-management-mixed.png,asset-management,mixed,200,palimpsest,الاستيثاق,wathiqrare0700,175026,da2253692f3819793808dd5adfeb34ebde9ffb757bf54d5972e3e5567d6a7072
701,png,png/sample-0701-records-management-english.png,records-management,english,200,quincunx,الاستعصاء,wathiqrare0701,162226,85f8597c76e59d09305ddff3525d438852dc7353a11bee8c5209c784d00ce045
702,png,png/sample-0702-project-management-arabic.png,project-management,arabic,200,zeugma,التبويب,wathiqrare0702,161124,e819bf4e5753612923dda4b6f9c44c9ef7f979087483498588543f7dfbd3d3b9
703,png,png/sample-0703-information-technology-mixed.png,information-technology,mixed,200,syzygy,الاستدامة,wathiqrare0703,174761,416b069f6ebf114edf8ace6a5de0d173ac07d5a41a628ed43544a18ca92c7825
704,png,png/sample-0704-procurement-english.png,procurement,english,200,susurrus,الاستدلال,wathiqrare0704,175247,9cdca0f7cf3b46e2b5ec980a1d401cb717160705dcaab57f0ce1a9313a270f1a
705,png,png/sample-0705-finance-arabic.png,finance,arabic,200,velleity,الاستقراء,wathiqrare0705,166398,84d8b76b8adea857ca6b0b61f4ada3a34bc31ec37f02b45be49e731b3003fba4
706,png,png/sample-0706-human-resources-mixed.png,human-resources,mixed,200,anfractuous,الاستدراك,wathiqrare0706,177909,769f99c5898f29c645ef1f1e58a50f9e6ead56450a208dc095d94ff927b0edcb
707,png,png/sample-0707-general-administration-english.png,general-administration,english,200,crepuscular,التغاير,wathiqrare0707,165296,ce06eb85c8f1f1c3f940e0d77a31b28a25746471ba1b428fe8d0e803d17cce6e
708,png,png/sample-0708-asset-management-arabic.png,asset-management,arabic,200,psithurism,التماثل,wathiqrare0708,170464,bdd7e9a1fc1f3054c36c41751119f21086e184838a17230364c6c60614132b2d
709,png,png/sample-0709-records-management-mixed.png,records-management,mixed,200,ultracrepidarian,المضاهاة,wathiqrare0709,171621,20258f266a3741b63f9e5d158f511bfaa5e8df84474bf88cca86cd1705afbe9f
710,png,png/sample-0710-project-management-english.png,project-management,english,200,palimpsest,الاستيثاق,wathiqrare0710,165286,ee47d9881620bfb6ad8ff869dedaed107cf42f547d3c64f679ccb6f8d9f9728c
711,png,png/sample-0711-information-technology-arabic.png,information-technology,arabic,200,quincunx,الاستعصاء,wathiqrare0711,163057,dd7c59eced5a60fdcd9cb0dda209c8c785030c6e2130ae6cfbab641818f9ee17
712,png,png/sample-0712-procurement-mixed.png,procurement,mixed,200,zeugma,التبويب,wathiqrare0712,175079,eefd8017cae4578a8f73842f3bf1634e967bd2e6c930e966a980a082a6083531
713,png,png/sample-0713-finance-english.png,finance,english,200,syzygy,الاستدامة,wathiqrare0713,166719,46e5610736af1fbe14c1360e70a73e4f5374e444230c3e62a091f35b41aa9b99
714,png,png/sample-0714-human-resources-arabic.png,human-resources,arabic,200,susurrus,الاستدلال,wathiqrare0714,168801,d3def7ed4c377be873cb96adbe5e075ab38fe6194eebc921700ad894e766d8d2
715,png,png/sample-0715-general-administration-mixed.png,general-administration,mixed,200,velleity,الاستقراء,wathiqrare0715,172685,a66bf9ded267079b93a79e0e92994372ba578b59afd4f8572fd898ebddf9ad32
716,jpeg,jpeg/sample-0716-asset-management-mixed.jpeg,asset-management,mixed,200,anfractuous,الاستدراك,wathiqrare0716,145037,5d507ee43dc2c436bd571adb30bd3a2103417f7db35c7989e5f39097596868c6
717,jpeg,jpeg/sample-0717-records-management-english.jpeg,records-management,english,200,crepuscular,التغاير,wathiqrare0717,147930,89f50af6a1fa95ba844e292802cb796b23048542bea9f1799cebbdfad7fd5471
718,jpeg,jpeg/sample-0718-project-management-arabic.jpeg,project-management,arabic,200,psithurism,التماثل,wathiqrare0718,135790,8be1af31a61498014c793389dbcc375c089165ba0521ef29e32329db3c5fb245
719,jpeg,jpeg/sample-0719-information-technology-mixed.jpeg,information-technology,mixed,200,ultracrepidarian,المضاهاة,wathiqrare0719,145802,af71d05b8120ee2848b6e24c1c8bef65c0860269d7a9dbce728ef75ad3b66d1e
720,jpeg,jpeg/sample-0720-procurement-english.jpeg,procurement,english,200,palimpsest,الاستيثاق,wathiqrare0720,161206,3159fb86ab8eb29b1b8b1c00aa8e7c711e7e3e62ccbfac8164af0b7581297df4
721,jpeg,jpeg/sample-0721-finance-arabic.jpeg,finance,arabic,200,quincunx,الاستعصاء,wathiqrare0721,133827,0449f6c1f106cffa0a84539d51591af1081acce679bc18f90269b3c8e2368977
722,jpeg,jpeg/sample-0722-human-resources-mixed.jpeg,human-resources,mixed,200,zeugma,التبويب,wathiqrare0722,150269,0c3266e4895599195925b0e42eb065f69c7d38bf9699ccc08927b630621f0306
723,jpeg,jpeg/sample-0723-general-administration-english.jpeg,general-administration,english,200,syzygy,الاستدامة,wathiqrare0723,150333,a554c2ebe008f0657d6263846a0cee5b4852b9b9e0926d60f79a7b237d6d552e
724,jpeg,jpeg/sample-0724-asset-management-arabic.jpeg,asset-management,arabic,200,susurrus,الاستدلال,wathiqrare0724,140073,6425eeb713366b71e4fb1477608f7a79459febfd6fd57c368a6871818f451346
725,jpeg,jpeg/sample-0725-records-management-mixed.jpeg,records-management,mixed,200,velleity,الاستقراء,wathiqrare0725,141033,714162f3b048c09b32d9729810c7c324bff5e20f50384f62ce91930986b792c5
726,jpeg,jpeg/sample-0726-project-management-english.jpeg,project-management,english,200,anfractuous,الاستدراك,wathiqrare0726,148685,89427ad229a841b8f20cfc4e4d77ea44849a7cf78d23f9c55caae41c0003a821
727,jpeg,jpeg/sample-0727-information-technology-arabic.jpeg,information-technology,arabic,200,crepuscular,التغاير,wathiqrare0727,141020,bd065bbdc84c6db2be4390885dafe32f694bdde35dadf06af41584b9cad18480
728,jpeg,jpeg/sample-0728-procurement-mixed.jpeg,procurement,mixed,200,psithurism,التماثل,wathiqrare0728,153837,4c4e035f4bc1650ade4425269ae46fe779c9cc685ab3c86bb7e09a5e24a3132b
729,jpeg,jpeg/sample-0729-finance-english.jpeg,finance,english,200,ultracrepidarian,المضاهاة,wathiqrare0729,150881,5ceef3fd675f6fbfcfc016d338be40b58ec3d91ea6dc2bc9b3890f26f87d9150
730,jpeg,jpeg/sample-0730-human-resources-arabic.jpeg,human-resources,arabic,200,palimpsest,الاستيثاق,wathiqrare0730,137365,b544faef6dac28c8626f3ddf54bf22ce1c96c95ff473ff16fe1dd349e87cc791
731,jpeg,jpeg/sample-0731-general-administration-mixed.jpeg,general-administration,mixed,200,quincunx,الاستعصاء,wathiqrare0731,143634,d12a18d70d5e73b9970ade60df5dcd7dd2d3c3f2aaff26b425c56ce7b47ef44c
732,jpeg,jpeg/sample-0732-asset-management-english.jpeg,asset-management,english,200,zeugma,التبويب,wathiqrare0732,145771,687d24c5c230882004095a60df954e4ae6472d5d15545eae14cc3b9319a64610
733,jpeg,jpeg/sample-0733-records-management-arabic.jpeg,records-management,arabic,200,syzygy,الاستدامة,wathiqrare0733,138234,6a846d83af8e9021d7b0ed763a93750af6adc52d6d1fda7c8ddccdf67a00986b
734,jpeg,jpeg/sample-0734-project-management-mixed.jpeg,project-management,mixed,200,susurrus,الاستدلال,wathiqrare0734,139795,4fd3be540e8ee876dd2740b8614744e7d508a1c7b4141627b8f95c87152122da
735,jpeg,jpeg/sample-0735-information-technology-english.jpeg,information-technology,english,200,velleity,الاستقراء,wathiqrare0735,153918,5bab8cee70ce2d9a5f75060269ff851128b4db2b3cb43894b23d09298ee280e8
736,jpeg,jpeg/sample-0736-procurement-arabic.jpeg,procurement,arabic,200,anfractuous,الاستدراك,wathiqrare0736,142032,5e7ef4cd42764a236e93e91897250745d7aef9d712568270bc3753bf5f90b467
737,jpeg,jpeg/sample-0737-finance-mixed.jpeg,finance,mixed,200,crepuscular,التغاير,wathiqrare0737,145608,e4ab3f15269418bad9a16a62d63837cdf11d48a8139d1e633ff856d218402c9f
738,jpeg,jpeg/sample-0738-human-resources-english.jpeg,human-resources,english,200,psithurism,التماثل,wathiqrare0738,154817,79b1c13177d075d3a81e8cf24fd62698ddc9024fcb9bf3eda2c2f109a2f1b7fd
739,jpeg,jpeg/sample-0739-general-administration-arabic.jpeg,general-administration,arabic,200,ultracrepidarian,المضاهاة,wathiqrare0739,143804,3d64e5a75d94436b659ba49d990a4d388524b2e6b19dc1d7374feb05cffb5966
740,jpeg,jpeg/sample-0740-asset-management-mixed.jpeg,asset-management,mixed,200,palimpsest,الاستيثاق,wathiqrare0740,145076,32ef292d71f11202b2e19fd07ee3b9267a5bc283eb6f8dc2a129987a260897a0
741,jpeg,jpeg/sample-0741-records-management-english.jpeg,records-management,english,200,quincunx,الاستعصاء,wathiqrare0741,146399,eb6bc2f5413c40105327e88c2691533fa296e12a893a49e65446266a19fbe28f
742,jpeg,jpeg/sample-0742-project-management-arabic.jpeg,project-management,arabic,200,zeugma,التبويب,wathiqrare0742,135212,ac9a98a41e25cc82d29dc169d233a07020419da07b02ac7227ee8b6968555fb6
743,jpeg,jpeg/sample-0743-information-technology-mixed.jpeg,information-technology,mixed,200,syzygy,الاستدامة,wathiqrare0743,142674,526cf4efdf6304a7cff876d040e0c841152996d5b8bab641f1926138776b8393
744,jpeg,jpeg/sample-0744-procurement-english.jpeg,procurement,english,200,susurrus,الاستدلال,wathiqrare0744,158400,a36c2be063f1cee6bae1808577e50670bb86f4b9a44bb4642caf2eb2028b3908
745,jpeg,jpeg/sample-0745-finance-arabic.jpeg,finance,arabic,200,velleity,الاستقراء,wathiqrare0745,134849,e8512c379829e5c3231108c0784aa3cc756b5aa49e28a4553a3eb4ed478c4bd5
746,jpeg,jpeg/sample-0746-human-resources-mixed.jpeg,human-resources,mixed,200,anfractuous,الاستدراك,wathiqrare0746,150569,baeeb9857dd58b9cd68fbb5780f7e1adc142d82e004115472f706a16e5c85d62
747,jpeg,jpeg/sample-0747-general-administration-english.jpeg,general-administration,english,200,crepuscular,التغاير,wathiqrare0747,151602,153a610920275c48f09115114776e2e1fc63657a7e13c9e0ddf78465feb70045
748,jpeg,jpeg/sample-0748-asset-management-arabic.jpeg,asset-management,arabic,200,psithurism,التماثل,wathiqrare0748,134472,12b0eed6b65c0be116c8f7c3a21a4cd89933ae5308e7f46410da3612c612dc0f
749,jpeg,jpeg/sample-0749-records-management-mixed.jpeg,records-management,mixed,200,ultracrepidarian,المضاهاة,wathiqrare0749,138489,8e1881b5a4811b931d6c9a8bfdbe64babd46edf990196a1b4c87778d761d2746
750,jpeg,jpeg/sample-0750-project-management-english.jpeg,project-management,english,200,palimpsest,الاستيثاق,wathiqrare0750,151286,cccc4580ebb446cadc34eed0abcdc6b5f94e7c1a0de688d76eead4d9b1c2acc5
751,jpeg,jpeg/sample-0751-information-technology-arabic.jpeg,information-technology,arabic,200,quincunx,الاستعصاء,wathiqrare0751,140055,51bdf57d304971125777d7bfcabafb500792e8423418d512808df09995307643
752,jpeg,jpeg/sample-0752-procurement-mixed.jpeg,procurement,mixed,200,zeugma,التبويب,wathiqrare0752,153639,4684b71ec813e9b8efc9d6b4c50967cc753b88801427eafb6f385677640cd0fb
753,jpeg,jpeg/sample-0753-finance-english.jpeg,finance,english,200,syzygy,الاستدامة,wathiqrare0753,152606,98c7771143238ce431ea5d5b74d2325082ea22e3bc630bbbf137d56ee4b54931
754,jpeg,jpeg/sample-0754-human-resources-arabic.jpeg,human-resources,arabic,200,susurrus,الاستدلال,wathiqrare0754,146105,c35ca1fff0fb293c221e387c6a0d2c8c419e685fb3724a92261bc503f9b18251
755,jpeg,jpeg/sample-0755-general-administration-mixed.jpeg,general-administration,mixed,200,velleity,الاستقراء,wathiqrare0755,143595,486217947ebc9e0a6642f480fa36093d63cd1d3715fc8ebd6c3f65f467a1e780
756,jpeg,jpeg/sample-0756-asset-management-english.jpeg,asset-management,english,200,anfractuous,الاستدراك,wathiqrare0756,146507,b881d9c9e182e385674b52f7b4c95983ae49322238115184b2f9f30416c157f3
757,jpeg,jpeg/sample-0757-records-management-arabic.jpeg,records-management,arabic,200,crepuscular,التغاير,wathiqrare0757,135747,235e12d55ac04a5d5420c760063fca8fc93bdd42e6354dc8426f4634c60efac2
758,jpeg,jpeg/sample-0758-project-management-mixed.jpeg,project-management,mixed,200,psithurism,التماثل,wathiqrare0758,139779,8f480830b8c48cf13cdee17ed6a31b6076deba6dfd89d27718a159db20b9b1c4
759,jpeg,jpeg/sample-0759-information-technology-english.jpeg,information-technology,english,200,ultracrepidarian,المضاهاة,wathiqrare0759,149899,185b3cca2f316c7f01e29e3384bea4282b296906a4036c7053066d120d5d9f71
760,jpeg,jpeg/sample-0760-procurement-arabic.jpeg,procurement,arabic,200,palimpsest,الاستيثاق,wathiqrare0760,134553,eae59d53130580b89c9b39a603087a1388712a446e81bbb90b9dde4f9d41b5f2
761,jpeg,jpeg/sample-0761-finance-mixed.jpeg,finance,mixed,200,quincunx,الاستعصاء,wathiqrare0761,145471,c16dd39ed1dcaf2201ddf8423e3b6d13523e33dcf18023e1b864eb625d42df25
762,jpeg,jpeg/sample-0762-human-resources-english.jpeg,human-resources,english,200,zeugma,التبويب,wathiqrare0762,154810,a7fdafc9827f35486c4ce06106dc66d841c7511ad92efd5d4b25009535af75c2
763,jpeg,jpeg/sample-0763-general-administration-arabic.jpeg,general-administration,arabic,200,syzygy,الاستدامة,wathiqrare0763,147083,2133b3904464e93ee1b31f17ea40567b0dc3e39af3ac7cd60dd1593294e6cf10
764,jpeg,jpeg/sample-0764-asset-management-mixed.jpeg,asset-management,mixed,200,susurrus,الاستدلال,wathiqrare0764,144834,a394e9fe91013fd2efe3c04b9692c146615b2a965decfeff2d0f04bd375f5dba
765,jpeg,jpeg/sample-0765-records-management-english.jpeg,records-management,english,200,velleity,الاستقراء,wathiqrare0765,149349,82968ab823a95a74e252454e8eb520542073c5a0b5d9b65d2b852d6817993d83
766,jpeg,jpeg/sample-0766-project-management-arabic.jpeg,project-management,arabic,200,anfractuous,الاستدراك,wathiqrare0766,128084,24b31feca5b2b4c94060ec2143bd87ff21702a75416ff52682fbe8931c70e558
767,jpeg,jpeg/sample-0767-information-technology-mixed.jpeg,information-technology,mixed,200,crepuscular,التغاير,wathiqrare0767,142889,df669aa2fdf74358e49b57ce7f2508108e273e9bb44ecbe3c017093b59e1f2d8
768,jpeg,jpeg/sample-0768-procurement-english.jpeg,procurement,english,200,psithurism,التماثل,wathiqrare0768,161195,54be5fad810c9433a4dab31adb05333349db0d7aa0dc2cbbaf00eb4d76869e6a
769,jpeg,jpeg/sample-0769-finance-arabic.jpeg,finance,arabic,200,ultracrepidarian,المضاهاة,wathiqrare0769,138615,175d102f6b3f85533e5b792b5a8d6a64433c5664cb4b57e11e09294b74457837
770,jpeg,jpeg/sample-0770-human-resources-mixed.jpeg,human-resources,mixed,200,palimpsest,الاستيثاق,wathiqrare0770,150587,983a8b1fca9e484729b74b5026181c72c1834fb6e921a562e2d2673e933d4da5
771,jpeg,jpeg/sample-0771-general-administration-english.jpeg,general-administration,english,200,quincunx,الاستعصاء,wathiqrare0771,150340,ba8f22c1d27ab53db4a344925d71d838eb513930ebb4927f4a065dec255f7a07
772,jpeg,jpeg/sample-0772-asset-management-arabic.jpeg,asset-management,arabic,200,zeugma,التبويب,wathiqrare0772,135263,4c362de9afdd184ef5564d61782528f78e52c0a6f584289c699a02968bff9d42
773,jpeg,jpeg/sample-0773-records-management-mixed.jpeg,records-management,mixed,200,syzygy,الاستدامة,wathiqrare0773,141039,fa93f7e6625fcc74a0a27abf6ce5d0c26bad3e8b1c1a645f925aa3cd53f7d58e
774,jpeg,jpeg/sample-0774-project-management-english.jpeg,project-management,english,200,susurrus,الاستدلال,wathiqrare0774,149284,7c21939ae448d5bc4b7d637dd3d04856d1a651c9fee2d6832f174399b4bfb063
775,jpeg,jpeg/sample-0775-information-technology-arabic.jpeg,information-technology,arabic,200,velleity,الاستقراء,wathiqrare0775,137970,7a737502ffc53425971d75ae58544ac796260c999f7246a4ab20de8fad6f1be3
776,jpeg,jpeg/sample-0776-procurement-mixed.jpeg,procurement,mixed,200,anfractuous,الاستدراك,wathiqrare0776,154113,8dc03db528f36fae980a4b98beaec3cc973d64f35a7acc638e2ff85fb6cbac91
777,jpeg,jpeg/sample-0777-finance-english.jpeg,finance,english,200,crepuscular,التغاير,wathiqrare0777,153247,61394a05abf5cf6ced6977f47277e7dee1fb4c85d2f649f4f731081b86337680
778,jpeg,jpeg/sample-0778-human-resources-arabic.jpeg,human-resources,arabic,200,psithurism,التماثل,wathiqrare0778,144013,1774be1a5f04871bb68768e32caac3a9d698195711e8463200cf005022be6b65
779,jpeg,jpeg/sample-0779-general-administration-mixed.jpeg,general-administration,mixed,200,ultracrepidarian,المضاهاة,wathiqrare0779,144547,0fdfddc3c8c4821a5d53807515ecea283557c3eb1facc7439e4dc6ffed46afa0
780,jpeg,jpeg/sample-0780-asset-management-english.jpeg,asset-management,english,200,palimpsest,الاستيثاق,wathiqrare0780,147216,ce8c69104982e86de0e99bbf5ad8646ab224a3bbe7ec06d627fc628fbe73fe02
781,jpeg,jpeg/sample-0781-records-management-arabic.jpeg,records-management,arabic,200,quincunx,الاستعصاء,wathiqrare0781,130113,e3b47a8627f6a2d18e62a769b9b9a602c885c7a3551aa409f193e3fbe8bfcf26
782,jpeg,jpeg/sample-0782-project-management-mixed.jpeg,project-management,mixed,200,zeugma,التبويب,wathiqrare0782,139715,044dc87b4aa8e60a802559eda4c63c09fc4be7da92d7070a021e836ef22d0f98
783,jpeg,jpeg/sample-0783-information-technology-english.jpeg,information-technology,english,200,syzygy,الاستدامة,wathiqrare0783,151488,6149db798ec4716db3d4e2f6bb3a44f1e0f8cd35445c7bf00fdbe79ecdc6bb65
784,jpeg,jpeg/sample-0784-procurement-arabic.jpeg,procurement,arabic,200,susurrus,الاستدلال,wathiqrare0784,145314,18f8a50fb94b88fa00ae679ea47a85b51da4e0ed35350ee2d96202fa87331f06
785,jpeg,jpeg/sample-0785-finance-mixed.jpeg,finance,mixed,200,velleity,الاستقراء,wathiqrare0785,145448,bfa1ca24a9d106f64e80091787e22db5d414e68d4f83749b6f03b72608e730f2
786,jpeg,jpeg/sample-0786-human-resources-english.jpeg,human-resources,english,200,anfractuous,الاستدراك,wathiqrare0786,156916,dbbf2d4d26f1ec00df2a2ca03b696e04a6b1f2d78c9d7f490678e06abd799e04
787,jpeg,jpeg/sample-0787-general-administration-arabic.jpeg,general-administration,arabic,200,crepuscular,التغاير,wathiqrare0787,146167,8ed6b2d9ec57e55c73e2be6c9beac6a28aca8839afc44881cc29e6fcd45a95b5
788,jpeg,jpeg/sample-0788-asset-management-mixed.jpeg,asset-management,mixed,200,psithurism,التماثل,wathiqrare0788,144820,294691e8c7fd9c1ae2dd23ea1501c9a10a1998a2404be7b003c6c9fd595b747e
789,jpeg,jpeg/sample-0789-records-management-english.jpeg,records-management,english,200,ultracrepidarian,المضاهاة,wathiqrare0789,144891,805d2e6598a5062c039fa5945b5855fe790147683fecb96a5e4f9dcc82500b2e
790,jpeg,jpeg/sample-0790-project-management-arabic.jpeg,project-management,arabic,200,palimpsest,الاستيثاق,wathiqrare0790,130874,39750bbb6f51c9e71f3053324e65c2e08784106072fdf2445288ff4110072a05
791,jpeg,jpeg/sample-0791-information-technology-mixed.jpeg,information-technology,mixed,200,quincunx,الاستعصاء,wathiqrare0791,142653,1463b29df667614179fcd9450aaa32518d82d3f7667ecc1c9853b4f86130d4b8
792,jpeg,jpeg/sample-0792-procurement-english.jpeg,procurement,english,200,zeugma,التبويب,wathiqrare0792,159566,b2b326b11a0839ecf6e55dc0f5f8fbedfddbf326bc9a0152524c1bd06cb49115
793,jpeg,jpeg/sample-0793-finance-arabic.jpeg,finance,arabic,200,syzygy,الاستدامة,wathiqrare0793,134272,3845182b9b80dd3f07cee2a440bb943e9fbfe7de0ac76b6215942650c609a5ba
794,jpeg,jpeg/sample-0794-human-resources-mixed.jpeg,human-resources,mixed,200,susurrus,الاستدلال,wathiqrare0794,150383,83acb4e449e0ae954c2a7bad9ad7d980b9ab1f2ce6cb1688ad67e0e07cba3d35
795,jpeg,jpeg/sample-0795-general-administration-english.jpeg,general-administration,english,200,velleity,الاستقراء,wathiqrare0795,150463,06961add5da231e380c6a4519496a32b621482b4ec3ed29a0646c4c3e2a87e65
796,jpeg,jpeg/sample-0796-asset-management-arabic.jpeg,asset-management,arabic,200,anfractuous,الاستدراك,wathiqrare0796,136309,d0a5368802840e1a0e46084af93185486ac7241ffc495eedcc3adf4a169cf77a
797,jpeg,jpeg/sample-0797-records-management-mixed.jpeg,records-management,mixed,200,crepuscular,التغاير,wathiqrare0797,141253,b4caf1174abfb29d042a2c25abaf09b653b0820e41aab9e400b3f2d98ecea336
798,jpeg,jpeg/sample-0798-project-management-english.jpeg,project-management,english,200,psithurism,التماثل,wathiqrare0798,148978,d023fe4d584f6e2d60f70c3fdaa551e754587494cbb1e7a7b31b3a302298fa94
799,jpeg,jpeg/sample-0799-information-technology-arabic.jpeg,information-technology,arabic,200,ultracrepidarian,المضاهاة,wathiqrare0799,142240,9cab2dc5ececdf0639b197560e26eff1fd21a38ba36e01073037a67cfee68175
800,jpeg,jpeg/sample-0800-procurement-mixed.jpeg,procurement,mixed,200,palimpsest,الاستيثاق,wathiqrare0800,154166,49a025c58bfddcf6daddeefc12eaab2fa53e17b9b782f645749dcfe6db971094
801,jpeg,jpeg/sample-0801-finance-english.jpeg,finance,english,200,quincunx,الاستعصاء,wathiqrare0801,153661,cb58586e326c73154f63a8923823fd5ad21d6d306e4d584524b42b0dc23e0a89
802,jpeg,jpeg/sample-0802-human-resources-arabic.jpeg,human-resources,arabic,200,zeugma,التبويب,wathiqrare0802,141090,77bea6791faadb4b58f880e5e89398b152351c3306535220b55eea5e16c865d4
803,jpeg,jpeg/sample-0803-general-administration-mixed.jpeg,general-administration,mixed,200,syzygy,الاستدامة,wathiqrare0803,143744,38d944fded9020868e1dfad1d36df5fdf8586f82ec9b1dc6f1ba28c858f0150a
804,jpeg,jpeg/sample-0804-asset-management-english.jpeg,asset-management,english,200,susurrus,الاستدلال,wathiqrare0804,145242,0cd0317d90ff6c7fced0ce93bcf812089818cc58045384d9a0c1173980074c9b
805,jpeg,jpeg/sample-0805-records-management-arabic.jpeg,records-management,arabic,200,velleity,الاستقراء,wathiqrare0805,130002,7d2953bcca561d7fef54e5503076ec4c4b057c86f054ddc3af142a2d28acd867
806,jpeg,jpeg/sample-0806-project-management-mixed.jpeg,project-management,mixed,200,anfractuous,الاستدراك,wathiqrare0806,140029,9e6de6c5e680620243d8874ef49effb6ba7c297bfb4ccec8b28062e1d5f67c5e
807,jpeg,jpeg/sample-0807-information-technology-english.jpeg,information-technology,english,200,crepuscular,التغاير,wathiqrare0807,153500,d2acd3fb10ee4676c2bb0748f1f0aaa8e93738da8d6b14cb83f1cd1910ccd22b
808,jpeg,jpeg/sample-0808-procurement-arabic.jpeg,procurement,arabic,200,psithurism,التماثل,wathiqrare0808,144475,20fd0000ac9f5110401a7393173e79e8419b86f8ed6ebc8fab9daff37a841626
809,jpeg,jpeg/sample-0809-finance-mixed.jpeg,finance,mixed,200,ultracrepidarian,المضاهاة,wathiqrare0809,143983,4daab60cb4c5395008842dea4c2f10947a80f96800da87144ccfcf758eda39b3
810,jpeg,jpeg/sample-0810-human-resources-english.jpeg,human-resources,english,200,palimpsest,الاستيثاق,wathiqrare0810,155887,28bb99a99b5afa64d6a57799727a228290c0518d8076d8b1b1c5182ae783da20
811,jpeg,jpeg/sample-0811-general-administration-arabic.jpeg,general-administration,arabic,200,quincunx,الاستعصاء,wathiqrare0811,142886,811a7419f9101b04f73559c743d2c73bc3ed4dd83ad38ed9107ab86b80f9c71b
812,jpeg,jpeg/sample-0812-asset-management-mixed.jpeg,asset-management,mixed,200,zeugma,التبويب,wathiqrare0812,144030,6b68e0d7464a0c56a99128dd2c23db3d1744376aae4230df03376a1c7ee0c57e
813,jpeg,jpeg/sample-0813-records-management-english.jpeg,records-management,english,200,syzygy,الاستدامة,wathiqrare0813,147110,d401bc6ceb1998ec8518ecd554747ac78c007b3dda0f86dc07952c809aea60b4
814,jpeg,jpeg/sample-0814-project-management-arabic.jpeg,project-management,arabic,200,susurrus,الاستدلال,wathiqrare0814,139170,17732feabebb8a9b079525a1c11ad5778cce54374b2c443619140734cbf030c7
815,jpeg,jpeg/sample-0815-information-technology-mixed.jpeg,information-technology,mixed,200,velleity,الاستقراء,wathiqrare0815,142672,9fddcecee36c49b1e4d386c3a803562d506734e42d2b142ebabaa0201a483269
816,jpeg,jpeg/sample-0816-procurement-english.jpeg,procurement,english,200,anfractuous,الاستدراك,wathiqrare0816,159526,72e7510bf4c7979df0d07a8930f32ec633289c545bf72acc025b985a0538cbdb
817,jpeg,jpeg/sample-0817-finance-arabic.jpeg,finance,arabic,200,crepuscular,التغاير,wathiqrare0817,132988,b0d88a760bfcbfc10f8aa8c1231f115b5c59758c1beec99cb1e563a27c214229
818,jpeg,jpeg/sample-0818-human-resources-mixed.jpeg,human-resources,mixed,200,psithurism,التماثل,wathiqrare0818,150354,e0b9ff9975e03ada3a8b889af114c38f19df82f95a0c6bd860371c339528fd39
819,jpeg,jpeg/sample-0819-general-administration-english.jpeg,general-administration,english,200,ultracrepidarian,المضاهاة,wathiqrare0819,150860,0df98296a52e812bea95c775b17e681a61af313d67ff462e772bac16461d6a2c
820,jpeg,jpeg/sample-0820-asset-management-arabic.jpeg,asset-management,arabic,200,palimpsest,الاستيثاق,wathiqrare0820,132770,06da1037d9cbe4a5be882cc21069bce4fa62312b761e0c5160f6c89cf02c4b74
821,jpeg,jpeg/sample-0821-records-management-mixed.jpeg,records-management,mixed,200,quincunx,الاستعصاء,wathiqrare0821,141083,0856e34531eb08f4202767d0d098f84d900779655a566339b3af38ac401563f5
822,jpeg,jpeg/sample-0822-project-management-english.jpeg,project-management,english,200,zeugma,التبويب,wathiqrare0822,147445,d647a82564c5088bdce1bb77c74cb34c8aba9133ff28ad65a00b5bbaf8804a8d
823,jpeg,jpeg/sample-0823-information-technology-arabic.jpeg,information-technology,arabic,200,syzygy,الاستدامة,wathiqrare0823,143000,681fb1a98f87d35c1a4e7e57d13d1ed18d8cdb1659362e7c65b370e5653c6ce1
824,jpeg,jpeg/sample-0824-procurement-mixed.jpeg,procurement,mixed,200,susurrus,الاستدلال,wathiqrare0824,153896,0e2b72b12ef071499f3af6e9d07aed3b4359262e9fb00adb216681c72afd99b1
825,jpeg,jpeg/sample-0825-finance-english.jpeg,finance,english,200,velleity,الاستقراء,wathiqrare0825,153676,9b4c3be0563fc4231b78dfdfb1e59a97cd4d32e1e08f38e71d5ab42d8650bb6e
826,jpeg,jpeg/sample-0826-human-resources-arabic.jpeg,human-resources,arabic,200,anfractuous,الاستدراك,wathiqrare0826,136707,306862b72ae6b2083ca31b203a67d31af590a5105031983a649d000c515181fc
827,jpeg,jpeg/sample-0827-general-administration-mixed.jpeg,general-administration,mixed,200,crepuscular,التغاير,wathiqrare0827,143810,bde2f14e403fcef006f9e31e7a3484ceac476635e3ae151de6524222afdd7e6e
828,jpeg,jpeg/sample-0828-asset-management-english.jpeg,asset-management,english,200,psithurism,التماثل,wathiqrare0828,145328,e850d974706c8408ea9be019e51eebeb0f871cffdb469e9179ce8aed9ba49e6e
829,jpeg,jpeg/sample-0829-records-management-arabic.jpeg,records-management,arabic,200,ultracrepidarian,المضاهاة,wathiqrare0829,136283,7cc79798d9e34370a23eda2f91e4eb72a5c9266ca50375cbda95ef3e95910004
830,jpeg,jpeg/sample-0830-project-management-mixed.jpeg,project-management,mixed,200,palimpsest,الاستيثاق,wathiqrare0830,140061,044015bef260e4d1c80cacf3dcc6f6e4f2969929698e1f7b5aa968b4edd3ca8e
831,jpeg,jpeg/sample-0831-information-technology-english.jpeg,information-technology,english,200,quincunx,الاستعصاء,wathiqrare0831,152666,15a3bfa5278a6b73bc49905615049a99664f16d4c353fc8b3dd313a10c1ed150
832,jpeg,jpeg/sample-0832-procurement-arabic.jpeg,procurement,arabic,200,zeugma,التبويب,wathiqrare0832,143087,8c3f965bded3da920360ab7038ef253ec60cb847abaf51bd846c690d75537b3e
833,jpeg,jpeg/sample-0833-finance-mixed.jpeg,finance,mixed,200,syzygy,الاستدامة,wathiqrare0833,145489,2995775f23e5cdfab952fe2b8bdad51b5371a2a626c7eeaecca1fd6d4405ed93
834,jpeg,jpeg/sample-0834-human-resources-english.jpeg,human-resources,english,200,susurrus,الاستدلال,wathiqrare0834,155387,e2fb49d701a87ea9831c2c12586d1502b2a9bf4924d2b4fbd9f8636f24fcf9b9
835,jpeg,jpeg/sample-0835-general-administration-arabic.jpeg,general-administration,arabic,200,velleity,الاستقراء,wathiqrare0835,142247,363e4bb0e78e66292aa0be6c7f50724bff7e788b82629b6c085f5afc7cdefc0b
836,jpeg,jpeg/sample-0836-asset-management-mixed.jpeg,asset-management,mixed,200,anfractuous,الاستدراك,wathiqrare0836,145069,d9848efe8941f12cd2b5d909a0cf48467230b5f12ca51f256c56dc9d6e45c639
837,jpeg,jpeg/sample-0837-records-management-english.jpeg,records-management,english,200,crepuscular,التغاير,wathiqrare0837,147968,6fa776cfa697459a5dcf50aaeeb7ffa89e210166568966722b83a9ccfea46b45
838,jpeg,jpeg/sample-0838-project-management-arabic.jpeg,project-management,arabic,200,psithurism,التماثل,wathiqrare0838,135821,0d323c4340458bf7a3114c68a3e5fa2baae1d2a961e145da3212d8d98342d267
839,jpeg,jpeg/sample-0839-information-technology-mixed.jpeg,information-technology,mixed,200,ultracrepidarian,المضاهاة,wathiqrare0839,145856,85872ba7a0a1254ec4a219e929fe4751a4f3cd21ecab013b0fdb5d528342d8ca
840,jpeg,jpeg/sample-0840-procurement-english.jpeg,procurement,english,200,palimpsest,الاستيثاق,wathiqrare0840,161227,45ece40441de761f534c9b3635d75d347cd62728256d75515122b76006771a55
841,jpeg,jpeg/sample-0841-finance-arabic.jpeg,finance,arabic,200,quincunx,الاستعصاء,wathiqrare0841,133833,765feb263b3cbb395457cd5ba112377591b446310b19fbfc0fe870cdb36d1aa6
842,jpeg,jpeg/sample-0842-human-resources-mixed.jpeg,human-resources,mixed,200,zeugma,التبويب,wathiqrare0842,150265,71434e06f05b79186c1e03937871837be619d0c85e5c690b4a04e3fa86bc145f
843,jpeg,jpeg/sample-0843-general-administration-english.jpeg,general-administration,english,200,syzygy,الاستدامة,wathiqrare0843,150328,528ecdaa25f00b810c157cc44f1b1db114ce87675f791fbc4da87681f156e9cf
844,jpeg,jpeg/sample-0844-asset-management-arabic.jpeg,asset-management,arabic,200,susurrus,الاستدلال,wathiqrare0844,140071,a5a45361b4b20a6fafc10ace3c0d03cb1c4a220bc46ca3aa21960e17e9bcaa60
845,jpeg,jpeg/sample-0845-records-management-mixed.jpeg,records-management,mixed,200,velleity,الاستقراء,wathiqrare0845,141038,164e9231d1a559a42b50fe5994cebbdecdd43c7154a275cb9019ea0c58fb716b
846,jpeg,jpeg/sample-0846-project-management-english.jpeg,project-management,english,200,anfractuous,الاستدراك,wathiqrare0846,148697,467b2b32efa403f9455118757313b44d2dac54a508a637671febf6e8d24a0e65
847,jpeg,jpeg/sample-0847-information-technology-arabic.jpeg,information-technology,arabic,200,crepuscular,التغاير,wathiqrare0847,141026,ea1e40a8c8ae17dad7cdb596e220387b90f5f6c50bfb9469cccbbe872ae69329
848,jpeg,jpeg/sample-0848-procurement-mixed.jpeg,procurement,mixed,200,psithurism,التماثل,wathiqrare0848,153871,4c8c00902290382baa1df8647cca2b51febc4ee53a302c1fc26c3b263cd5eb59
849,jpeg,jpeg/sample-0849-finance-english.jpeg,finance,english,200,ultracrepidarian,المضاهاة,wathiqrare0849,150892,17133ace4ce337f1c439e353cf8f54ca1dc0d0381f46df0d3bdf5eeb938d9a58
850,jpeg,jpeg/sample-0850-human-resources-arabic.jpeg,human-resources,arabic,200,palimpsest,الاستيثاق,wathiqrare0850,137380,7a0a6fc3be6823ee573358f77882975aad0ebe4f1a6af92ac10e0b208b945b98
851,jpeg,jpeg/sample-0851-general-administration-mixed.jpeg,general-administration,mixed,200,quincunx,الاستعصاء,wathiqrare0851,143654,b9b460f3d700b2798de7b9c1f1910ea537238833fe8d60b33feff67864058f8e
852,jpeg,jpeg/sample-0852-asset-management-english.jpeg,asset-management,english,200,zeugma,التبويب,wathiqrare0852,145811,9559d205b52094d2a60479adedc2b5a04642b801e43efdcb72d58055cc3380bd
853,jpeg,jpeg/sample-0853-records-management-arabic.jpeg,records-management,arabic,200,syzygy,الاستدامة,wathiqrare0853,138227,6dac68a15d24edd3895c4d7675b793c53290ff91f0bc4604bf663a7cee1665a7
854,jpeg,jpeg/sample-0854-project-management-mixed.jpeg,project-management,mixed,200,susurrus,الاستدلال,wathiqrare0854,139825,c81c658ba6de80fa9bbbfc98a93cf3cc7ed1d1c973e95817fd4511e0aaf7ad87
855,jpeg,jpeg/sample-0855-information-technology-english.jpeg,information-technology,english,200,velleity,الاستقراء,wathiqrare0855,153953,e1d765e9b2ff1e2735b20beb5266fcd92265094f59ec7daba80a57808cb639b1
856,jpeg,jpeg/sample-0856-procurement-arabic.jpeg,procurement,arabic,200,anfractuous,الاستدراك,wathiqrare0856,141966,34098cbee14d6c2baddb91ed87243559f8c18cce26b22e45f466422800b3042f
857,jpeg,jpeg/sample-0857-finance-mixed.jpeg,finance,mixed,200,crepuscular,التغاير,wathiqrare0857,145638,627ea125daa2f032c4ffb686fb16c61d40011ee63c2fc53283174137d3f17e57
858,jpeg,jpeg/sample-0858-human-resources-english.jpeg,human-resources,english,200,psithurism,التماثل,wathiqrare0858,154823,1549089105c822ffb5a4787e1f1c9b6bad6b03a4602015c77b6fde367ce397a4
859,html,html/sample-0859-general-administration-english.html,general-administration,english,200,ultracrepidarian,المضاهاة,wathiqrare0859,2373,56ac51c4d6d35d64ba8fbf4bc2c9605840e54527e2b4bf0dfedf74dcccea4366
860,html,html/sample-0860-asset-management-arabic.html,asset-management,arabic,200,palimpsest,الاستيثاق,wathiqrare0860,2834,2c3bf56892ea208c4dfecdbff6234b0e1c1a7682c6abfebb91cd858dadbf9cdb
861,html,html/sample-0861-records-management-mixed.html,records-management,mixed,200,quincunx,الاستعصاء,wathiqrare0861,2493,4c40ff6497fbb9f1ca3094af84ca8e9c98de5c0fe7335aa004f5c4d49945df80
862,html,html/sample-0862-project-management-english.html,project-management,english,200,zeugma,التبويب,wathiqrare0862,2255,f6c76656d161c29a15bc2618a0e52be47a4b00dba4a86438ce437a97df2e36db
863,html,html/sample-0863-information-technology-arabic.html,information-technology,arabic,200,syzygy,الاستدامة,wathiqrare0863,2845,269e73f5faf533d66aa4f7d179b1b4fc633b7168876c7e4d35217d59d8796b18
864,html,html/sample-0864-procurement-mixed.html,procurement,mixed,200,susurrus,الاستدلال,wathiqrare0864,2616,f077893022f70b88f172350fb63ffb2dbbabbbf394b16ba1938f62b45018ea1c
865,html,html/sample-0865-finance-english.html,finance,english,200,velleity,الاستقراء,wathiqrare0865,2327,6d5209d3357147f58d03de6d9b7f6b54904ba67fbfde0a468d9ab7f2912787eb
866,html,html/sample-0866-human-resources-arabic.html,human-resources,arabic,200,anfractuous,الاستدراك,wathiqrare0866,2890,790bf1fd6ac90512a7c41604a18cda9b74c2ce78c3f26e06e393a60e5da6aff6
867,html,html/sample-0867-general-administration-mixed.html,general-administration,mixed,200,crepuscular,التغاير,wathiqrare0867,2512,697dcff21a21588e547ec82353051ccc70c414a4caab3977da17cd9a12692898
868,html,html/sample-0868-asset-management-english.html,asset-management,english,200,psithurism,التماثل,wathiqrare0868,2237,c19e28b4a894b42d99155e2e6584e299cfa8f88c3879dbbf22c3d8bc3ed005f7
869,html,html/sample-0869-records-management-arabic.html,records-management,arabic,200,ultracrepidarian,المضاهاة,wathiqrare0869,2695,75490b9566b1f87190c4bb3a6cdd028b0c0f7bf2e3c3c51ad671187fc7cfdec2
870,html,html/sample-0870-project-management-mixed.html,project-management,mixed,200,palimpsest,الاستيثاق,wathiqrare0870,2482,edb2ec40168d6ca7eb270eebd03439a6c549026be7456ab8bd8932cc7d7b6820
871,html,html/sample-0871-information-technology-english.html,information-technology,english,200,quincunx,الاستعصاء,wathiqrare0871,2345,9837a08336a77797d35e14836698682b4556a5290f3667262f7b17b6ade85f8c
872,html,html/sample-0872-procurement-arabic.html,procurement,arabic,200,zeugma,التبويب,wathiqrare0872,2880,4604bc668979d5d7033fdfd7a62243d7eb3d7fb49cbfeb319bc9152452636036
873,html,html/sample-0873-finance-mixed.html,finance,mixed,200,syzygy,الاستدامة,wathiqrare0873,2605,93cf8b5df3bca4443292ddca1c8b3499856fd5cde502802426c14155d11272f3
874,html,html/sample-0874-human-resources-english.html,human-resources,english,200,susurrus,الاستدلال,wathiqrare0874,2451,68056da0b25d6730201c611f1808b6c4976cc5978b0fabce49634094a5b90797
875,html,html/sample-0875-general-administration-arabic.html,general-administration,arabic,200,velleity,الاستقراء,wathiqrare0875,2944,c324357c2e657cd5d7af59778ef83ef355c599c6168c7314f5fc5917217f6937
876,html,html/sample-0876-asset-management-mixed.html,asset-management,mixed,200,anfractuous,الاستدراك,wathiqrare0876,2507,e7688b660830f52af67539dd26b4ce5242dfa309838fa7dcc84a4e2c50fd1e21
877,html,html/sample-0877-records-management-english.html,records-management,english,200,crepuscular,التغاير,wathiqrare0877,2265,f5a6ca5000d72d5adc1e11ae469385f8c9cc793475112d28dc422ee149a878da
878,html,html/sample-0878-project-management-arabic.html,project-management,arabic,200,psithurism,التماثل,wathiqrare0878,2790,0d99dc93373501f03afd008159ccfe60bf23a706dc5b668afed67b928b754698
879,html,html/sample-0879-information-technology-mixed.html,information-technology,mixed,200,ultracrepidarian,المضاهاة,wathiqrare0879,2647,c74a10bbde295828bf33462d3dbea8bd66fd0e8d512382a357f8395c4d2dc1c7
880,html,html/sample-0880-procurement-english.html,procurement,english,200,palimpsest,الاستيثاق,wathiqrare0880,2407,1f07759f8546b445520a21d95eb70d6c374f7663146d001200e24aceb5b81110
881,html,html/sample-0881-finance-arabic.html,finance,arabic,200,quincunx,الاستعصاء,wathiqrare0881,2871,b7ff37ed1b70e5c4ae1180146cd682b5aa5858fbc846da9956c6427e55e8e51a
882,html,html/sample-0882-human-resources-mixed.html,human-resources,mixed,200,zeugma,التبويب,wathiqrare0882,2579,11822bbf5541614c2a6dc6a09c60966c8409d1aa476f4e35e98e7af92d2b5e39
883,html,html/sample-0883-general-administration-english.html,general-administration,english,200,syzygy,الاستدامة,wathiqrare0883,2352,6fc4f506333bf81e7a3867638d7c3c720d46a9821171bc12552ca0d24b956fa7
884,html,html/sample-0884-asset-management-arabic.html,asset-management,arabic,200,susurrus,الاستدلال,wathiqrare0884,2730,90f2653641f2444b979fe53a2fc03467520f46c920b715a8d831b20a11e349c1
885,html,html/sample-0885-records-management-mixed.html,records-management,mixed,200,velleity,الاستقراء,wathiqrare0885,2493,bc274ca10dd8736bc63c94a43148bdbe8f8c37d965e55e29b524cad5e02dee60
886,html,html/sample-0886-project-management-english.html,project-management,english,200,anfractuous,الاستدراك,wathiqrare0886,2270,829d233d8a33c4f3b68608306fd8d8696fb9b93b63dccb2fdffeaefa69eb8dc4
887,html,html/sample-0887-information-technology-arabic.html,information-technology,arabic,200,crepuscular,التغاير,wathiqrare0887,2822,8ae59616ccbfea40f8512f921de71ff1badbdb84bfd9069ff4f84d12e6a4c689
888,html,html/sample-0888-procurement-mixed.html,procurement,mixed,200,psithurism,التماثل,wathiqrare0888,2614,ed50bba19442052874cdff22756e477f144f7079c09ad4951d8e05370edc41c7
889,html,html/sample-0889-finance-english.html,finance,english,200,ultracrepidarian,المضاهاة,wathiqrare0889,2366,b4b9ccd7da9ffae525834add7984fe661f1af3bf509d596616560a1107d1b4e3
890,html,html/sample-0890-human-resources-arabic.html,human-resources,arabic,200,palimpsest,الاستيثاق,wathiqrare0890,2916,d2b36c9935fc581390e94e008d9c477d0fd3dd8e33644e2ec86767696c936fe1
891,html,html/sample-0891-general-administration-mixed.html,general-administration,mixed,200,quincunx,الاستعصاء,wathiqrare0891,2513,1f694bb664fe2e95d66780aaf35bc04bec6c339019afb771b819bdc1a7579fbf
892,html,html/sample-0892-asset-management-english.html,asset-management,english,200,zeugma,التبويب,wathiqrare0892,2197,9253ccde07f808d55ce2264913d8a408ecf5f7279b9c2c2ea514bf67644d2fdb
893,html,html/sample-0893-records-management-arabic.html,records-management,arabic,200,syzygy,الاستدامة,wathiqrare0893,2690,7437d4fa59685177cdde4e751ec0eecb47ea280b7aeb0ad056546b0115a65de4
894,html,html/sample-0894-project-management-mixed.html,project-management,mixed,200,susurrus,الاستدلال,wathiqrare0894,2480,f2bd5269b2fb5b5135db5ceb81d94e69e7022d0adff571337130ea74bc135d25
895,html,html/sample-0895-information-technology-english.html,information-technology,english,200,velleity,الاستقراء,wathiqrare0895,2347,0d8c34889c3c689ad183a9c43ffa18fe4fcff9ad4a591dd3de5c6d50aab5eb88
896,html,html/sample-0896-procurement-arabic.html,procurement,arabic,200,anfractuous,الاستدراك,wathiqrare0896,2886,a8c60186b862d298f9cae578cf3911db719bca2d5141487fa06a145ca2555acd
897,html,html/sample-0897-finance-mixed.html,finance,mixed,200,crepuscular,التغاير,wathiqrare0897,2606,c74c979c32ac4d64cfacd5d1706835674dada5564787490df0da9f4c7ff42f30
898,html,html/sample-0898-human-resources-english.html,human-resources,english,200,psithurism,التماثل,wathiqrare0898,2357,e9a7181ce7d63bd4a55bfd103e2e8a914fc1ec2a84a0d5794febfb312de96c20
899,html,html/sample-0899-general-administration-arabic.html,general-administration,arabic,200,ultracrepidarian,المضاهاة,wathiqrare0899,2851,f72bc690e9ab6b39a0c508f83b68b75eac97b20f5e43b621348278288d405f9a
900,html,html/sample-0900-asset-management-mixed.html,asset-management,mixed,200,palimpsest,الاستيثاق,wathiqrare0900,2506,50853775db56020e6ef3de1d2e723477ee92d010bb80f3960fdc406b52faa108
901,html,html/sample-0901-records-management-english.html,records-management,english,200,quincunx,الاستعصاء,wathiqrare0901,2252,63a664f0b90728a7f19e79dff6d96ae31096bae867048822484abd461ff50bea
902,html,html/sample-0902-project-management-arabic.html,project-management,arabic,200,zeugma,التبويب,wathiqrare0902,2795,aa4a7e78497aaa863b918481c336152b6c6b3bac88d0096325323e03dbbc7f27
903,html,html/sample-0903-information-technology-mixed.html,information-technology,mixed,200,syzygy,الاستدامة,wathiqrare0903,2639,c1f3aa23414a9648678072682cedca5cd7ffff9a2f4c64cdaff01914ec2bef67
904,html,html/sample-0904-procurement-english.html,procurement,english,200,susurrus,الاستدلال,wathiqrare0904,2464,18712c11d721c3e2b02e9a9c8e11afb5b16d9cc8b4ada74774634443013ace96
905,html,html/sample-0905-finance-arabic.html,finance,arabic,200,velleity,الاستقراء,wathiqrare0905,2901,63e4815e4f1bfacbe1da316dfaa51c4aef2913b714dad2f97a05207aec291ee1
906,html,html/sample-0906-human-resources-mixed.html,human-resources,mixed,200,anfractuous,الاستدراك,wathiqrare0906,2588,7abe0809f00574f0ed3d2b5df5922a6187ea626b8ad7ebe62da0afa28f1e4fd6
907,html,html/sample-0907-general-administration-english.html,general-administration,english,200,crepuscular,التغاير,wathiqrare0907,2279,2b59e71b5c3354589c70480ef72d2efcd8c8dcf4b4f6ed28a1bdd42cbb141a12
908,html,html/sample-0908-asset-management-arabic.html,asset-management,arabic,200,psithurism,التماثل,wathiqrare0908,2712,3af2a22e9a45c86bf7fbe495f22141304c818d91437f4aea0bfb434cb2b98e92
909,html,html/sample-0909-records-management-mixed.html,records-management,mixed,200,ultracrepidarian,المضاهاة,wathiqrare0909,2499,143caa9087ac63c76a754f0825136e14981d52bf75d4cb0f07ce30deb77cd212
910,html,html/sample-0910-project-management-english.html,project-management,english,200,palimpsest,الاستيثاق,wathiqrare0910,2287,09ac166d2c38aa8bd1df9c4ade042088e6cba7b6f98ebd443b0c2a07dad2fe51
911,html,html/sample-0911-information-technology-arabic.html,information-technology,arabic,200,quincunx,الاستعصاء,wathiqrare0911,2886,1eca9944a2a7c67956e55314dba37fdb56457c50b841de2a67bb3f3134555a30
912,html,html/sample-0912-procurement-mixed.html,procurement,mixed,200,zeugma,التبويب,wathiqrare0912,2610,1bbfb9a27a525aa482b81f16a6b25e7863a0ba8f6ffc18d336775af2e1425eb5
913,html,html/sample-0913-finance-english.html,finance,english,200,syzygy,الاستدامة,wathiqrare0913,2329,05c76fd7d182bd08d3b4ae5efdb32a35f041613090de0f4afa2724c3a390d696
914,html,html/sample-0914-human-resources-arabic.html,human-resources,arabic,200,susurrus,الاستدلال,wathiqrare0914,2842,f646a37e069447f1d8cba148f4ac9b45e05166e3dffc91818aef576b70347bba
915,html,html/sample-0915-general-administration-mixed.html,general-administration,mixed,200,velleity,الاستقراء,wathiqrare0915,2513,712a3f2d07e2fb44df59aca139e46aab775880a9491b872b82babeaf0e1bece0
916,html,html/sample-0916-asset-management-english.html,asset-management,english,200,anfractuous,الاستدراك,wathiqrare0916,2219,8548a1ec6b22b3231253ef13d97bcfd3bb49977b985305b4a72ed3464a6b32e6
917,html,html/sample-0917-records-management-arabic.html,records-management,arabic,200,crepuscular,التغاير,wathiqrare0917,2741,a949d709e847c7d8143154a4af8430954a08324283741baa12bd14f0d24b0741
918,html,html/sample-0918-project-management-mixed.html,project-management,mixed,200,psithurism,التماثل,wathiqrare0918,2478,8a6f870a0b3eb21f28ba0ca5b27c544d1eb8a6ff1e30c6af736a05557dc3580c
919,html,html/sample-0919-information-technology-english.html,information-technology,english,200,ultracrepidarian,المضاهاة,wathiqrare0919,2447,7b6cdcee9a101605577422b9181816d036913803883e8e30e7f382436194467d
920,html,html/sample-0920-procurement-arabic.html,procurement,arabic,200,palimpsest,الاستيثاق,wathiqrare0920,2924,e0a6ac3f53d2a4e1ae459ddf74e39f1be94a1c67df4d25d3dc4a602303055b39
921,html,html/sample-0921-finance-mixed.html,finance,mixed,200,quincunx,الاستعصاء,wathiqrare0921,2607,8e03c17952956cca0c1750654315420f2b1783f6441ff48b1599975cc18004d1
922,html,html/sample-0922-human-resources-english.html,human-resources,english,200,zeugma,التبويب,wathiqrare0922,2354,f0e7107ba7f286a89f0becd2533b9a87bdb0231e78d389d0ff5ee4198ed72325
923,html,html/sample-0923-general-administration-arabic.html,general-administration,arabic,200,syzygy,الاستدامة,wathiqrare0923,2875,abf4469be49f596e08155419cf44d26320c600331de29751ed775706bc090c59
924,html,html/sample-0924-asset-management-mixed.html,asset-management,mixed,200,susurrus,الاستدلال,wathiqrare0924,2504,0ade9f7fdf5bec031d185c2929c75351425352497fb2c4c31952f0035e0f4ddb
925,html,html/sample-0925-records-management-english.html,records-management,english,200,velleity,الاستقراء,wathiqrare0925,2279,a22c083bd7a33cb52d425a75852f8915a1131c143c62ac0f2e2d54933236e453
926,html,html/sample-0926-project-management-arabic.html,project-management,arabic,200,anfractuous,الاستدراك,wathiqrare0926,2802,b823f51f002fae09d31035ff954eeca463f5f49aaa23e7258e677e14c93877fe
927,html,html/sample-0927-information-technology-mixed.html,information-technology,mixed,200,crepuscular,التغاير,wathiqrare0927,2640,2f22d09042c354fb4367660eea01073f20bb67b7e36694ecfa2ee060cb19a66e
928,html,html/sample-0928-procurement-english.html,procurement,english,200,psithurism,التماثل,wathiqrare0928,2460,061495131f6bf85ebe5b6ebd2006f003c9ce7f63e107e5f36ac93a89bb717605
929,html,html/sample-0929-finance-arabic.html,finance,arabic,200,ultracrepidarian,المضاهاة,wathiqrare0929,2794,7a89e0fb89434a9747dbc283c38f5371c3ce0ea1c63870f6687f7fe4aa461e84
930,html,html/sample-0930-human-resources-mixed.html,human-resources,mixed,200,palimpsest,الاستيثاق,wathiqrare0930,2587,f78575a03a8eb6b2ca046b51d9999b298d63e8fcd71755064e27d915d671bdd3
931,html,html/sample-0931-general-administration-english.html,general-administration,english,200,quincunx,الاستعصاء,wathiqrare0931,2267,44e8cb8548a8ae5702412872f588526b5e7479ba38a80438d1f7da61128005a4
932,html,html/sample-0932-asset-management-arabic.html,asset-management,arabic,200,zeugma,التبويب,wathiqrare0932,2710,761f022fd214d7d293480f2e4b82924e4f152b6728c5e9b76ed049a01835df43
933,html,html/sample-0933-records-management-mixed.html,records-management,mixed,200,syzygy,الاستدامة,wathiqrare0933,2491,4c856c8030ada936a8ba592835945bd92f6a24f25578756fbc717cfde2513967
934,html,html/sample-0934-project-management-english.html,project-management,english,200,susurrus,الاستدلال,wathiqrare0934,2348,a7cfacf19eea2654c4e89b74f180cf0b7362011ea766ba90ae1e4d2e35744619
935,html,html/sample-0935-information-technology-arabic.html,information-technology,arabic,200,velleity,الاستقراء,wathiqrare0935,2928,ab8bb92496f4727e6b5d2e0394d091482ad78da3c1fc759bb5d114a0851ca9d1
936,html,html/sample-0936-procurement-mixed.html,procurement,mixed,200,anfractuous,الاستدراك,wathiqrare0936,2619,6cfe2e4d7298440d7930da03416f759725473dff780a7d3ec3fa742c10a57d0d
937,html,html/sample-0937-finance-english.html,finance,english,200,crepuscular,التغاير,wathiqrare0937,2335,54f35c5524f671179e24fade6bf06bd5f1357f6b585c77180bdfbafe1ed6a382
938,html,html/sample-0938-human-resources-arabic.html,human-resources,arabic,200,psithurism,التماثل,wathiqrare0938,2816,d3b1165cbb18e9b7a7c1896d52e312053bea7ffe2a4850a0e014a338a05d7902
939,html,html/sample-0939-general-administration-mixed.html,general-administration,mixed,200,ultracrepidarian,المضاهاة,wathiqrare0939,2519,d6a5e0dbeada211607048f3f45625f4da54b12402795e3a2ac52057ac1c40516
940,html,html/sample-0940-asset-management-english.html,asset-management,english,200,palimpsest,الاستيثاق,wathiqrare0940,2206,52be13b946def2f565dc71c6dffb1127aa8bf4c2567fae58c30d52e125787770
941,html,html/sample-0941-records-management-arabic.html,records-management,arabic,200,quincunx,الاستعصاء,wathiqrare0941,2706,fe7b6df5a2be1e92735a19c681e9ca3ed85066a056d32a27e00b3db7371e219f
942,html,html/sample-0942-project-management-mixed.html,project-management,mixed,200,zeugma,التبويب,wathiqrare0942,2474,ca965472180f188008c1ca5bb4865e4573ec249cc1a4122837b8fdddc79d0474
943,html,html/sample-0943-information-technology-english.html,information-technology,english,200,syzygy,الاستدامة,wathiqrare0943,2431,8bdcaf064ec816db7eb0b408aad4bb8013920d0cf00cb83e0af5c1a6e3b04eee
944,html,html/sample-0944-procurement-arabic.html,procurement,arabic,200,susurrus,الاستدلال,wathiqrare0944,2878,0f2253fb9d7c2ff35d7eeb655b316d6143d3e54bb999154f55e83e7c3b311e7e
945,html,html/sample-0945-finance-mixed.html,finance,mixed,200,velleity,الاستقراء,wathiqrare0945,2607,6327d5909e1d54e4ff84f329f8404e7e5812a8ae71448ca0a546f5bea441756d
946,html,html/sample-0946-human-resources-english.html,human-resources,english,200,anfractuous,الاستدراك,wathiqrare0946,2376,de847fa2f774797f50c5faa3ad3ed749fdd36c50458e6ed0dcbef086fed4a607
947,html,html/sample-0947-general-administration-arabic.html,general-administration,arabic,200,crepuscular,التغاير,wathiqrare0947,2884,b654cb747172d7892eb30cb779b869ea1bac4b6375078a61d66b6fb62d3a4fcb
948,html,html/sample-0948-asset-management-mixed.html,asset-management,mixed,200,psithurism,التماثل,wathiqrare0948,2502,03605888ed5580f8449e5df6750cfb7babdfac5e9c2e3cbac34ea8026825dedb
949,html,html/sample-0949-records-management-english.html,records-management,english,200,ultracrepidarian,المضاهاة,wathiqrare0949,2335,496361dd62dfc61443c051f0cc84140c97256587faa4c09af572024745e8665f
950,html,html/sample-0950-project-management-arabic.html,project-management,arabic,200,palimpsest,الاستيثاق,wathiqrare0950,2823,d1be1161b06fbb74925a7ed2ca12452744c335cdc92903ac04842cee5a34e181
951,html,html/sample-0951-information-technology-mixed.html,information-technology,mixed,200,quincunx,الاستعصاء,wathiqrare0951,2641,1ecd17ce7bed8c1b30683e0640ab41ba12c3e2e96a262c3ec8ddfbc481c36537
952,html,html/sample-0952-procurement-english.html,procurement,english,200,zeugma,التبويب,wathiqrare0952,2432,84450ff176767c7fd5987bfa3c279283142591493da9df483c7740fc2d0384f9
953,html,html/sample-0953-finance-arabic.html,finance,arabic,200,syzygy,الاستدامة,wathiqrare0953,2878,80677f98560609da6e979bd585607eafabb69d02f03a0d1abae2ae8c74bc3ac0
954,html,html/sample-0954-human-resources-mixed.html,human-resources,mixed,200,susurrus,الاستدلال,wathiqrare0954,2585,4c1b0f4ae9fad24c811e4878d7c8621ffb2951f19b983f91198817314f7d1eb6
955,html,html/sample-0955-general-administration-english.html,general-administration,english,200,velleity,الاستقراء,wathiqrare0955,2271,d0d717e1c43d509591a495ba6034fc6716025a90861a3221314dc2af3a52abf4
956,html,html/sample-0956-asset-management-arabic.html,asset-management,arabic,200,anfractuous,الاستدراك,wathiqrare0956,2790,c3030c4581c5a005e79cb6cc522fa52c18cabe7e74db1fb7551c00d49bde6353
957,html,html/sample-0957-records-management-mixed.html,records-management,mixed,200,crepuscular,التغاير,wathiqrare0957,2492,1092b30ee945d10826bdec9ca31e104e17058d514c39581fe0af7a312feed40f
958,html,html/sample-0958-project-management-english.html,project-management,english,200,psithurism,التماثل,wathiqrare0958,2335,7abbdd90dfa75ab22daab3f8fb2cf8620b8ed1dffd9839ab11252a6d4f3ca519
959,html,html/sample-0959-information-technology-arabic.html,information-technology,arabic,200,ultracrepidarian,المضاهاة,wathiqrare0959,2871,7098426d6a349592fad9a12a0253266237e489e5a6d1806c6d7927b9fa39a251
960,html,html/sample-0960-procurement-mixed.html,procurement,mixed,200,palimpsest,الاستيثاق,wathiqrare0960,2618,0c9880e02e56f84b9ba123d0c594bf7d743e935084c018419df5ec9fb7babb77
961,html,html/sample-0961-finance-english.html,finance,english,200,quincunx,الاستعصاء,wathiqrare0961,2336,2685f0e2ddbb52eb66a2c8e2cc8b5818e7c5f0cb697f89a34f4da7d024129b6b
962,html,html/sample-0962-human-resources-arabic.html,human-resources,arabic,200,zeugma,التبويب,wathiqrare0962,2873,229a27c41890ce1b9feac83b80ce04d7be832f4c60bed86a412b3efd99a47ab1
963,html,html/sample-0963-general-administration-mixed.html,general-administration,mixed,200,syzygy,الاستدامة,wathiqrare0963,2511,b552a73fad968c2edf6f6e3d31c6c45a2179f548820a66b6f86662cece8cabe0
964,html,html/sample-0964-asset-management-english.html,asset-management,english,200,susurrus,الاستدلال,wathiqrare0964,2269,44ff1e004f11a2fbb9bb977fc2feae9a81e43b26c60f88a2a38e7d7dd05b3918
965,html,html/sample-0965-records-management-arabic.html,records-management,arabic,200,velleity,الاستقراء,wathiqrare0965,2714,139f430572950355ff6c024f728c568a07822fe36ca077ca1874581344c6738c
966,html,html/sample-0966-project-management-mixed.html,project-management,mixed,200,anfractuous,الاستدراك,wathiqrare0966,2483,6bbc482d379a27e0b6d8f29c56e24041753a32da67777d95343bc02ff0338162
967,html,html/sample-0967-information-technology-english.html,information-technology,english,200,crepuscular,التغاير,wathiqrare0967,2349,4e1a2e11082012c4ea095ac45316d2b36a28e49e91a125fef2bec0b1265e16b2
968,html,html/sample-0968-procurement-arabic.html,procurement,arabic,200,psithurism,التماثل,wathiqrare0968,2864,7b284e4d225bcd641e84fa6109879ca6d1f7d8f9f046c81641bc89a1057f204b
969,html,html/sample-0969-finance-mixed.html,finance,mixed,200,ultracrepidarian,المضاهاة,wathiqrare0969,2613,20b29840ff50d4acb7838e0b142a3df0c04e8f067cd0d650864e5b4b0183eb9f
970,html,html/sample-0970-human-resources-english.html,human-resources,english,200,palimpsest,الاستيثاق,wathiqrare0970,2368,801219311181797d34fbb26a1175d79e3253e1d7a9e01b086252ab5bfb07714c
971,html,html/sample-0971-general-administration-arabic.html,general-administration,arabic,200,quincunx,الاستعصاء,wathiqrare0971,2915,0d4cc3655e66da882924a74afc1a246c272ce476256ffb3a9457869d3fa3fcb4
972,html,html/sample-0972-asset-management-mixed.html,asset-management,mixed,200,zeugma,التبويب,wathiqrare0972,2498,3d9dcd0112012fa6c75798c631d4245523d0e1981d31864e8decc8e9c5b4aa5b
973,html,html/sample-0973-records-management-english.html,records-management,english,200,syzygy,الاستدامة,wathiqrare0973,2254,20c31e03e253733d2bcbeb051c75f8f94750b3b1e01bcd28816ea27cf4b5cd2e
974,html,html/sample-0974-project-management-arabic.html,project-management,arabic,200,susurrus,الاستدلال,wathiqrare0974,2780,1f0ee06052ce5d4c4e85769067af9858ba26f5fa361e56c7bbe6bb0bf4f879a1
975,html,html/sample-0975-information-technology-mixed.html,information-technology,mixed,200,velleity,الاستقراء,wathiqrare0975,2641,cc707ffdc8c8c5cdb1611ce1a8f94ff032fec4dff4fe1e697002943b10d82bee
976,html,html/sample-0976-procurement-english.html,procurement,english,200,anfractuous,الاستدراك,wathiqrare0976,2392,6db13d78f0c2b2e7766436c9eccd2b613c84e9adfb6fd263a2888b5e9ffde341
977,html,html/sample-0977-finance-arabic.html,finance,arabic,200,crepuscular,التغاير,wathiqrare0977,2886,ce6df8cf2bb8b85a5d999580c06e93513a84eacbb2c37577b86ba45f12f5dfea
978,html,html/sample-0978-human-resources-mixed.html,human-resources,mixed,200,psithurism,التماثل,wathiqrare0978,2583,28523b368b00c61c43667f1fe7215d360137936537ca451a623c20338ce2fa01
979,html,html/sample-0979-general-administration-english.html,general-administration,english,200,ultracrepidarian,المضاهاة,wathiqrare0979,2373,7bad881b01ab0617b7c71de4ed519a2537d1d99dd5325ba47083453eb7ec317f
980,html,html/sample-0980-asset-management-arabic.html,asset-management,arabic,200,palimpsest,الاستيثاق,wathiqrare0980,2834,3fdf121338f4892c94654760bd179a7d2392adf36e7a382106a7618dcca02ff8
981,html,html/sample-0981-records-management-mixed.html,records-management,mixed,200,quincunx,الاستعصاء,wathiqrare0981,2493,1e65dd68f14340faee2b2968255c0050fc9b6b11a3ee43a2291c717fe9870efb
982,html,html/sample-0982-project-management-english.html,project-management,english,200,zeugma,التبويب,wathiqrare0982,2255,2be4d7177ae0572b1da56f88f83dc511a0f8bb24a99c4c1653c1cde3b58d1d9b
983,html,html/sample-0983-information-technology-arabic.html,information-technology,arabic,200,syzygy,الاستدامة,wathiqrare0983,2845,a46b8250912839a5619576fb3a80ccf57cd1ae67b822db52c26804f0293f1486
984,html,html/sample-0984-procurement-mixed.html,procurement,mixed,200,susurrus,الاستدلال,wathiqrare0984,2616,6c9b66083a5deb708038a147052bac8aa3bab5a49cdd9b0be0217e049dba0b68
985,html,html/sample-0985-finance-english.html,finance,english,200,velleity,الاستقراء,wathiqrare0985,2327,9a7ad6eb6c006f590a7be1cafea675cde797d2df4f388063c6e142d3e9eddce8
986,html,html/sample-0986-human-resources-arabic.html,human-resources,arabic,200,anfractuous,الاستدراك,wathiqrare0986,2890,db6df507f5ecea92a3fc2ef3cc595cd52e7e422fc504f53ed3c1f4e3d75c4c9f
987,html,html/sample-0987-general-administration-mixed.html,general-administration,mixed,200,crepuscular,التغاير,wathiqrare0987,2512,a6f05b3b45fd50e7afcab94827958dcd8e835b2a4f1510e31254da354c6caa64
988,html,html/sample-0988-asset-management-english.html,asset-management,english,200,psithurism,التماثل,wathiqrare0988,2237,a67aa56cdebc2100b1c76fbb1a15d432a629a7aae14cf4b4b1d24ce5f3ff5bf1
989,html,html/sample-0989-records-management-arabic.html,records-management,arabic,200,ultracrepidarian,المضاهاة,wathiqrare0989,2695,c01d7464afeecfcaf67530307106122c679d3a02ac7de74577891f50b3cacd2b
990,html,html/sample-0990-project-management-mixed.html,project-management,mixed,200,palimpsest,الاستيثاق,wathiqrare0990,2482,faede6145c5c6833f2cdbc34ee80d81cd153c147f19a546cab710b2cb65bab5e
991,html,html/sample-0991-information-technology-english.html,information-technology,english,200,quincunx,الاستعصاء,wathiqrare0991,2345,6a173f4ad468b0b242c3ec1f56a4220fe959380db51ffb886f5384a6fe0cd5ee
992,html,html/sample-0992-procurement-arabic.html,procurement,arabic,200,zeugma,التبويب,wathiqrare0992,2880,50c23cf81e2e60c40e14513084cbf434d2fa5ee8c4af1eaa2cfd5924e5fed569
993,html,html/sample-0993-finance-mixed.html,finance,mixed,200,syzygy,الاستدامة,wathiqrare0993,2605,441e8c53b369741697f87b79902ae29110c02a6b9ef0d617c6af1d41e6292f17
994,html,html/sample-0994-human-resources-english.html,human-resources,english,200,susurrus,الاستدلال,wathiqrare0994,2451,3e838b6e6dad94581bea1b4c15e214d305f42d55f08c7e787730735dbd8a36a5
995,html,html/sample-0995-general-administration-arabic.html,general-administration,arabic,200,velleity,الاستقراء,wathiqrare0995,2944,fb94b9985a8f854706b45c91dd072aabd05f3c55d674e4e204aca1beda62f885
996,html,html/sample-0996-asset-management-mixed.html,asset-management,mixed,200,anfractuous,الاستدراك,wathiqrare0996,2507,091c01da2b5efcca0cd7ab2859efbd6b5679cdd75d88c5e0d0da217d995914d7
997,html,html/sample-0997-records-management-english.html,records-management,english,200,crepuscular,التغاير,wathiqrare0997,2265,638f8550951b11e28c70545659e6687a2e64b39412616b043ba9c9e958b0eb1c
998,html,html/sample-0998-project-management-arabic.html,project-management,arabic,200,psithurism,التماثل,wathiqrare0998,2790,8ff036e2d280ef1142414da95931e1e0151552a12546657b6f6577660e6b76bb
999,html,html/sample-0999-information-technology-mixed.html,information-technology,mixed,200,ultracrepidarian,المضاهاة,wathiqrare0999,2647,10f382622984b6de2c4f1fdad8d422dd036d1988b701d9927d281651d103e9ab
1000,html,html/sample-1000-procurement-english.html,procurement,english,200,palimpsest,الاستيثاق,wathiqrare1000,2407,9637f5a1c2d0a270578491c5dfa8039e0769bf2bd475dea9e857b3cf583aa159
1001,eml,eml/sample-1001-finance-english.eml,finance,english,200,quincunx,الاستعصاء,wathiqrare1001,2737,9770adf2d47e5300bfcd2eae2a345a3ed95c782531f3a3e41b3b0266e09697c6
1002,eml,eml/sample-1002-human-resources-arabic.eml,human-resources,arabic,200,zeugma,التبويب,wathiqrare1002,3466,4521a5bc96a10b80b7a54eff6ada4daa5194518d686bef0f3c37fcdfbfdea98b
1003,eml,eml/sample-1003-general-administration-mixed.eml,general-administration,mixed,200,syzygy,الاستدامة,wathiqrare1003,2965,ccb2559ae6551e83db4068444be3e34cd9d479c7fbe97185fe9e99c97341c858
1004,eml,eml/sample-1004-asset-management-english.eml,asset-management,english,200,susurrus,الاستدلال,wathiqrare1004,2664,e26e1094cac10d49ccb556c6487c08cdc54acca87cefb547bef7f7b1ee980ad1
1005,eml,eml/sample-1005-records-management-arabic.eml,records-management,arabic,200,velleity,الاستقراء,wathiqrare1005,3250,213f793f5cbd29c4913bd0b0dce0592a7ce039ac165fb62e691ea5a4a42522db
1006,eml,eml/sample-1006-project-management-mixed.eml,project-management,mixed,200,anfractuous,الاستدراك,wathiqrare1006,2970,2d3cc1a5c0ad90c8565be8eed30930d7177d2c27bfad39c3f258f3e1b316c68d
1007,eml,eml/sample-1007-information-technology-english.eml,information-technology,english,200,crepuscular,التغاير,wathiqrare1007,2749,d84fe3f9b46ab2bbee84749c0b7b67bc423c69b8069f83f271fc01a0afb5f727
1008,eml,eml/sample-1008-procurement-arabic.eml,procurement,arabic,200,psithurism,التماثل,wathiqrare1008,3460,0af97444965942a12eb44d21fa5c21a72fd81e43ec4711db2e23718f866bc3b7
1009,eml,eml/sample-1009-finance-mixed.eml,finance,mixed,200,ultracrepidarian,المضاهاة,wathiqrare1009,3115,0bab1f06810292666e5b5e224a93e2a57828ce5854a9981a36b08e4a4a8828b9
1010,eml,eml/sample-1010-human-resources-english.eml,human-resources,english,200,palimpsest,الاستيثاق,wathiqrare1010,2772,004afa735ee00fd0336d22ab6cf0a953517a23fceba905ceb11ae335f44fa2ba
1011,eml,eml/sample-1011-general-administration-arabic.eml,general-administration,arabic,200,quincunx,الاستعصاء,wathiqrare1011,3519,96d32dabef618a7266fefcf18a77bc85b1085ea285342a86b88503092431529d
1012,eml,eml/sample-1012-asset-management-mixed.eml,asset-management,mixed,200,zeugma,التبويب,wathiqrare1012,2980,47be6f97190e5b22941cd07e1afa4ce46a9e8666418b312eb42391c42696e64a
1013,eml,eml/sample-1013-records-management-english.eml,records-management,english,200,syzygy,الاستدامة,wathiqrare1013,2618,c5505ca6a9b4a1e0a85a97a8819c307a429ef0dc0f3dfb04a6ae2547738bef72
1014,eml,eml/sample-1014-project-management-arabic.eml,project-management,arabic,200,susurrus,الاستدلال,wathiqrare1014,3352,41eb3268b45604d83bc91983b2d469ce1a88ae697e86932d7b922a4e67a9b3b8
1015,eml,eml/sample-1015-information-technology-mixed.eml,information-technology,mixed,200,velleity,الاستقراء,wathiqrare1015,3131,09696aa35ab960c5f2a823d9dac8be56316577fbaf04b0adce47ad709bc6ba10
1016,eml,eml/sample-1016-procurement-english.eml,procurement,english,200,anfractuous,الاستدراك,wathiqrare1016,2812,818ace1b62ff60518d41d9a2b9a6596fa61ca8bc84478298749b3cbcaec14bd7
1017,eml,eml/sample-1017-finance-arabic.eml,finance,arabic,200,crepuscular,التغاير,wathiqrare1017,3489,893588c0a46a53bf11c765218e338f038e6240bd4afe3a01adba926668dd044b
1018,eml,eml/sample-1018-human-resources-mixed.eml,human-resources,mixed,200,psithurism,التماثل,wathiqrare1018,3068,fdd8499fa0503c61b5e68122075fbe8cbf4b89ed9e58ae60a7bdd6f25d187bf2
1019,eml,eml/sample-1019-general-administration-english.eml,general-administration,english,200,ultracrepidarian,المضاهاة,wathiqrare1019,2775,133fe49a2715d6a5b5e240409b0864db9267d37e9acf9a72a6c6559bb9fe77b4
1020,eml,eml/sample-1020-asset-management-arabic.eml,asset-management,arabic,200,palimpsest,الاستيثاق,wathiqrare1020,3436,dc7afe4c0d3aeb045f60b45a72d6e0c8d53bc0698f41f70879621adae95eaff2
1021,eml,eml/sample-1021-records-management-mixed.eml,records-management,mixed,200,quincunx,الاستعصاء,wathiqrare1021,2918,c4142383eddc482801536f8b48b080c6ce08b5cfeea817470609bcfa4a247ce8
1022,eml,eml/sample-1022-project-management-english.eml,project-management,english,200,zeugma,التبويب,wathiqrare1022,2634,a552c6a527a04d36042511887debb354239623fc0594f788355a1b4023522cc2
1023,eml,eml/sample-1023-information-technology-arabic.eml,information-technology,arabic,200,syzygy,الاستدامة,wathiqrare1023,3427,096525e36f3c80f0390d43ed59f459f5818b103ca0488d834396ae4e559fb339
1024,eml,eml/sample-1024-procurement-mixed.eml,procurement,mixed,200,susurrus,الاستدلال,wathiqrare1024,3104,1427d28d6d72fe6f89b2cf893ddb45bc7cc69e27842255210e6360cbb274560e
1025,eml,eml/sample-1025-finance-english.eml,finance,english,200,velleity,الاستقراء,wathiqrare1025,2725,ca5f068f52a346e750ae497373ffdb48f50a24d21df55600a62a9f01724d7ba2
1026,eml,eml/sample-1026-human-resources-arabic.eml,human-resources,arabic,200,anfractuous,الاستدراك,wathiqrare1026,3488,500f0f83639d6ec113900832dcb020930640b05511f59eb8999be2294896b998
1027,eml,eml/sample-1027-general-administration-mixed.eml,general-administration,mixed,200,crepuscular,التغاير,wathiqrare1027,2965,9dca67fd7daf045b7a7bbc40590cd66bc502c758aec96f9cfbfe854bf90f1015
1028,eml,eml/sample-1028-asset-management-english.eml,asset-management,english,200,psithurism,التماثل,wathiqrare1028,2618,ec1d225b19bf415d9fafb88fce28694e2ee1137f603ebda7cb8bfcada50f824d
1029,eml,eml/sample-1029-records-management-arabic.eml,records-management,arabic,200,ultracrepidarian,المضاهاة,wathiqrare1029,3222,86009d85d20621849446f1ea033fe9964c72309e7c7232ab1241d959c0dec3a2
1030,eml,eml/sample-1030-project-management-mixed.eml,project-management,mixed,200,palimpsest,الاستيثاق,wathiqrare1030,2966,7ada1ba8494ef62a03b3c61137e191e636d563cfcc7b2df9a29577eafdbf66ea
1031,eml,eml/sample-1031-information-technology-english.eml,information-technology,english,200,quincunx,الاستعصاء,wathiqrare1031,2745,2db046230ae0086d526ae3eb0eb838fbb8c42bba06875bc5e0e2d5fb981a2a5a
1032,eml,eml/sample-1032-procurement-arabic.eml,procurement,arabic,200,zeugma,التبويب,wathiqrare1032,3480,b7c1699dd591cef5c69f9f0e25e5c54ab90ab1065e50948195df42cd6ce3b8d1
1033,eml,eml/sample-1033-finance-mixed.eml,finance,mixed,200,syzygy,الاستدامة,wathiqrare1033,3107,c9b692e1c7cec45a2fd980410de22f26600678df7fa9513d8dd4ad76e26f3bbd
1034,eml,eml/sample-1034-human-resources-english.eml,human-resources,english,200,susurrus,الاستدلال,wathiqrare1034,2888,e809a217bcba95d1bbd73f0050f2f8d3c682d8b70af4ee6e38abd2a88d04fc47
1035,eml,eml/sample-1035-general-administration-arabic.eml,general-administration,arabic,200,velleity,الاستقراء,wathiqrare1035,3555,aecd70fce654f6ef5aeceb6c20e2b2ce902edeff2fe320bd66d0ce3a895437fe
1036,eml,eml/sample-1036-asset-management-mixed.eml,asset-management,mixed,200,anfractuous,الاستدراك,wathiqrare1036,2992,6ea716d681528325212ea714737244f23dbd94159e33ad9de6959b2399448bcc
1037,eml,eml/sample-1037-records-management-english.eml,records-management,english,200,crepuscular,التغاير,wathiqrare1037,2636,f6bdaf1cb451d810e1087f9b24521d2d45d7fd4cb3490de6652d0548bed78933
1038,eml,eml/sample-1038-project-management-arabic.eml,project-management,arabic,200,psithurism,التماثل,wathiqrare1038,3368,aabee8baf84e84067a93afe4e7f7ac12d02c20f31f0cc3cedca03685c7781835
1039,eml,eml/sample-1039-information-technology-mixed.eml,information-technology,mixed,200,ultracrepidarian,المضاهاة,wathiqrare1039,3139,fb7582556ccb552f9427d42dc43931c2301b51b6076ca63309c250b3c8c78fb6
1040,eml,eml/sample-1040-procurement-english.eml,procurement,english,200,palimpsest,الاستيثاق,wathiqrare1040,2832,979a97532ee0b552aed27be88eb53d37d7f8d1f726ba87eb3dae2af2f526849a
1041,msg,msg/sample-1041-finance-arabic.msg,finance,arabic,200,quincunx,الاستعصاء,wathiqrare1041,10240,2a7ad424880fdf5a3030a8b3382ca09ff2ed4a9c5c5f7b84547ce83421cc32b0
1042,msg,msg/sample-1042-human-resources-mixed.msg,human-resources,mixed,200,zeugma,التبويب,wathiqrare1042,10240,cb5d640b9e957cb2731041f6986852b2c348f6209bfb369df43ccf4c4d8d4bef
1043,msg,msg/sample-1043-general-administration-english.msg,general-administration,english,200,syzygy,الاستدامة,wathiqrare1043,10240,f9b179d5bd289c631338f2b6d4ed05fefaa8ba9a1846701f690398cb8a38ac29
1044,msg,msg/sample-1044-asset-management-arabic.msg,asset-management,arabic,200,susurrus,الاستدلال,wathiqrare1044,9728,ee448a636b19673ef295b7321624ebf6c1d94f04a0f28fbda16fa8cb430bc05a
1045,msg,msg/sample-1045-records-management-mixed.msg,records-management,mixed,200,velleity,الاستقراء,wathiqrare1045,10240,a5fe689f392595ec287c61d0d841f9025597172eee9b91b587ef08ac5c4bec94
1046,msg,msg/sample-1046-project-management-english.msg,project-management,english,200,anfractuous,الاستدراك,wathiqrare1046,10240,f8d834b3648156f9a4c59fe6f1c6b7e8f5e526e5836804b4a76a67ced7f385c6
1047,msg,msg/sample-1047-information-technology-arabic.msg,information-technology,arabic,200,crepuscular,التغاير,wathiqrare1047,10240,f0ae0f1ddd7d9e0f14f8416e15fc211fb5c2cd244691f387fbe2b0f42f24bcc2
1048,msg,msg/sample-1048-procurement-mixed.msg,procurement,mixed,200,psithurism,التماثل,wathiqrare1048,10240,f05e79f01687bcff2ab4fcd55f82acc5dc63243548a7915febf3e3f14223a425
1049,msg,msg/sample-1049-finance-english.msg,finance,english,200,ultracrepidarian,المضاهاة,wathiqrare1049,10240,c3c80d0b0d60426fe71760a409191ae2429980529d04c15e3bb0642135e581b1
1050,msg,msg/sample-1050-human-resources-arabic.msg,human-resources,arabic,200,palimpsest,الاستيثاق,wathiqrare1050,10240,abe70b78b2c66853ab348863f62539ccfede99c7bc323fcf8a0818560b7be653
1051,msg,msg/sample-1051-general-administration-mixed.msg,general-administration,mixed,200,quincunx,الاستعصاء,wathiqrare1051,10240,088970b0ddbb6b7837f1efba06e330c96648e7bb0511e34743ee6e9854a15ca7
1052,msg,msg/sample-1052-asset-management-english.msg,asset-management,english,200,zeugma,التبويب,wathiqrare1052,10240,82de857a4515321069cdd7517721da2d1c93796062453d62bc5efad7c30e9a91
1053,msg,msg/sample-1053-records-management-arabic.msg,records-management,arabic,200,syzygy,الاستدامة,wathiqrare1053,10240,21a51a2158402a7f48ad4ccbaed5882a68a5a78380dba5824f6f808b8920e665
1054,msg,msg/sample-1054-project-management-mixed.msg,project-management,mixed,200,susurrus,الاستدلال,wathiqrare1054,10240,b326647ad235281debd69299e7516d05314b1ecd4d0797675ed23b4aef1fcac5
1055,msg,msg/sample-1055-information-technology-english.msg,information-technology,english,200,velleity,الاستقراء,wathiqrare1055,10240,38d5f6622ba2774ecc64b462246658f2de02d75b5c505a008d2e098cbe2fa6ac
1056,msg,msg/sample-1056-procurement-arabic.msg,procurement,arabic,200,anfractuous,الاستدراك,wathiqrare1056,10240,f41b76b395a9ff0e7506cbef1eb9737e9d83ca0af7a786fab477fc5363cf88e5
1057,msg,msg/sample-1057-finance-mixed.msg,finance,mixed,200,crepuscular,التغاير,wathiqrare1057,10240,54330f4b90fde4bf2477682010551305963bb947ecebe4ed7beb647bfc41c7db
1058,msg,msg/sample-1058-human-resources-english.msg,human-resources,english,200,psithurism,التماثل,wathiqrare1058,10240,4d4ff4997481ac310805b203e13c81d4e38530b818b61501fdf67686ba8c8fb6
1059,msg,msg/sample-1059-general-administration-arabic.msg,general-administration,arabic,200,ultracrepidarian,المضاهاة,wathiqrare1059,10240,2f34652e6dc13e2af6df26f7eea3a0be03ca9c3e3167b47219d9cff90201a835
1060,msg,msg/sample-1060-asset-management-mixed.msg,asset-management,mixed,200,palimpsest,الاستيثاق,wathiqrare1060,10240,e2faeacb48e323334874a3693a2a088f2225ca27ead1e9e8b28eb7e7caffbde8
1061,msg,msg/sample-1061-records-management-english.msg,records-management,english,200,quincunx,الاستعصاء,wathiqrare1061,10240,3a7c4c940d563bbad0c8e65d10eae69758b325f7f87cc3e98200477a28ffb411
1062,msg,msg/sample-1062-project-management-arabic.msg,project-management,arabic,200,zeugma,التبويب,wathiqrare1062,10240,0a62909bd53690bcd4530da2fe5332d5a8d12b77f87c02165aa60adf1db79dea
1063,msg,msg/sample-1063-information-technology-mixed.msg,information-technology,mixed,200,syzygy,الاستدامة,wathiqrare1063,10240,db989491be57a3f64a9ccd68eaa2cd6ef7cb07c332ac64c74e2d6ee4e307e24f
1064,msg,msg/sample-1064-procurement-english.msg,procurement,english,200,susurrus,الاستدلال,wathiqrare1064,10240,b37e21d4345ac280a7ef0047124cbff3f1f1d387b13e127018dc2c2f7eaffd43
1065,msg,msg/sample-1065-finance-arabic.msg,finance,arabic,200,velleity,الاستقراء,wathiqrare1065,10240,feb03e54d609f29ee993f552f87ee30083881a2c5133db4665de311ead03cc76
1066,msg,msg/sample-1066-human-resources-mixed.msg,human-resources,mixed,200,anfractuous,الاستدراك,wathiqrare1066,10240,935929ee9ce10a46ebaf50eac265f1759db2a4c886635fea340adf233f70f904
1067,msg,msg/sample-1067-general-administration-english.msg,general-administration,english,200,crepuscular,التغاير,wathiqrare1067,10240,5a5ef8f0ed677af889b4e7ec431aebfe4fa5c8c75f19079e4cfa1202094a338c
1068,msg,msg/sample-1068-asset-management-arabic.msg,asset-management,arabic,200,psithurism,التماثل,wathiqrare1068,9728,5e7be3bace9ed1032fce80533d0dc3259ba9086084bcde6eb32d74e518b93070
1069,msg,msg/sample-1069-records-management-mixed.msg,records-management,mixed,200,ultracrepidarian,المضاهاة,wathiqrare1069,10240,86d3f45d61e18fcbe12198f7d91dae999dfea4f75822119dc29864b37a3fdab0
1070,msg,msg/sample-1070-project-management-english.msg,project-management,english,200,palimpsest,الاستيثاق,wathiqrare1070,10240,1b89226638b1683da5ec663a02efd125a6862c45ccec791ebf5264daa31a8f15
1071,msg,msg/sample-1071-information-technology-arabic.msg,information-technology,arabic,200,quincunx,الاستعصاء,wathiqrare1071,10240,89ce7356ef8e8b828fb2de0e019cde995712be216ca121c239917d707de61c2d
1072,msg,msg/sample-1072-procurement-mixed.msg,procurement,mixed,200,zeugma,التبويب,wathiqrare1072,10240,2284781895ea10e7f0ffd803987e19ac1cede65e6e4d88e6f6f0a4a84448054b
1073,msg,msg/sample-1073-finance-english.msg,finance,english,200,syzygy,الاستدامة,wathiqrare1073,10240,ff97f6e6a95905c38d209bc756c1d63494fbb3dbf5d30f7995953283a76b11c6
1074,msg,msg/sample-1074-human-resources-arabic.msg,human-resources,arabic,200,susurrus,الاستدلال,wathiqrare1074,10240,6cf2e4880bc2eaed6ed60ce48665108f197828da913aa1b6e1454c3ee8823658
1075,msg,msg/sample-1075-general-administration-mixed.msg,general-administration,mixed,200,velleity,الاستقراء,wathiqrare1075,10240,ce202ca594329eb8464ad1d0aadce98d5cf6d559a0f8fa2acaf9d01cebd49f27
1076,msg,msg/sample-1076-asset-management-english.msg,asset-management,english,200,anfractuous,الاستدراك,wathiqrare1076,10240,b118e3412c8f5931c3b8083275d42295b2502674fb09d1160e7fbf12dda7f0bd
1077,msg,msg/sample-1077-records-management-arabic.msg,records-management,arabic,200,crepuscular,التغاير,wathiqrare1077,9728,97557ae1f8ff65eb7c71059e0666a8e7c3a9843f19f39d60b4f2e42f3b26974c
1078,msg,msg/sample-1078-project-management-mixed.msg,project-management,mixed,200,psithurism,التماثل,wathiqrare1078,10240,e717c2bb6ba043e83e4ff23f3113f03df9ed7fc273bab4a50d596d52f05b4636
1079,msg,msg/sample-1079-information-technology-english.msg,information-technology,english,200,ultracrepidarian,المضاهاة,wathiqrare1079,10240,915a74a98fd9fb70d88f548406958dd1870b3d5da3955ea4a9d7c5dc7d2eaf13
1080,msg,msg/sample-1080-procurement-arabic.msg,procurement,arabic,200,palimpsest,الاستيثاق,wathiqrare1080,10240,4fa429a691279430802da7309a09aa85047513457fcc9e7e6d386de147f987c3
1081,xml,xml/sample-1081-finance-mixed.xml,finance,mixed,200,quincunx,الاستعصاء,wathiqrare1081,2380,f0d40ad704650339018463e2da30b13cd2dffc9b73ec7882bf0c729f84aeca31
1082,xml,xml/sample-1082-human-resources-english.xml,human-resources,english,200,zeugma,التبويب,wathiqrare1082,2138,d5be582e86d9d8a2e3a84ff297950b7e201197d3d44e59fae41122872208d366
1083,xml,xml/sample-1083-general-administration-arabic.xml,general-administration,arabic,200,syzygy,الاستدامة,wathiqrare1083,2658,a5283212284406990a9d2561353e55939a2c077d9d6b99ba778f5ae01dd834db
1084,xml,xml/sample-1084-asset-management-mixed.xml,asset-management,mixed,200,susurrus,الاستدلال,wathiqrare1084,2293,fe716d79fd91a1781c0edd21f328100c108d4c83fcd145585c5d9b0ce81b15ca
1085,xml,xml/sample-1085-records-management-english.xml,records-management,english,200,velleity,الاستقراء,wathiqrare1085,2060,645763a4916d93ec189ea13b71f30369317e4487bb760affca150dd9b147a327
1086,xml,xml/sample-1086-project-management-arabic.xml,project-management,arabic,200,anfractuous,الاستدراك,wathiqrare1086,2588,3c2409118091175e75b80be644d2f0ea0657f8bfab7d2551cb417c320e473399
1087,xml,xml/sample-1087-information-technology-mixed.xml,information-technology,mixed,200,crepuscular,التغاير,wathiqrare1087,2412,1f3beea3b06435d85724ae6c58d1163f664c20e902bb92dc28700ea7e8de8bde
1088,xml,xml/sample-1088-procurement-english.xml,procurement,english,200,psithurism,التماثل,wathiqrare1088,2238,51c612372fefe1b29891224ebdd0b1143513b91e948e254a88edf60ff5214e3f
1089,xml,xml/sample-1089-finance-arabic.xml,finance,arabic,200,ultracrepidarian,المضاهاة,wathiqrare1089,2568,512cbe0f4e0cada0d9f9b27d5bd9714ccb33fabb42ef0ea26d302f77999f154f
1090,xml,xml/sample-1090-human-resources-mixed.xml,human-resources,mixed,200,palimpsest,الاستيثاق,wathiqrare1090,2369,5437d28eedb7dc593a78f617c6455a9ce3d5fcc57c5c3e35174773696f3f588a
1091,xml,xml/sample-1091-general-administration-english.xml,general-administration,english,200,quincunx,الاستعصاء,wathiqrare1091,2051,a1d61ff6b595db002c02d7bae8f2f70c2a2e309e3fbbd2efb5c6752664efdf2c
1092,xml,xml/sample-1092-asset-management-arabic.xml,asset-management,arabic,200,zeugma,التبويب,wathiqrare1092,2496,fb6855ba1ac446c97f74e9e7e781d594b6077e486dbbd581d03c8a1769a1e8ba
1093,xml,xml/sample-1093-records-management-mixed.xml,records-management,mixed,200,syzygy,الاستدامة,wathiqrare1093,2249,1f55cd054f49320049b7a025e68ee3a97f3031f4282bcd1f1dea3dc385c2c239
1094,xml,xml/sample-1094-project-management-english.xml,project-management,english,200,susurrus,الاستدلال,wathiqrare1094,2135,4f555bc587e243dba2435b9db5b6e726baa49ef7069862bb84c87a5aa1c2f6c5
1095,xml,xml/sample-1095-information-technology-arabic.xml,information-technology,arabic,200,velleity,الاستقراء,wathiqrare1095,2713,55bbb56d27cd667cade0abc5365e7ec6022fc5ced2c0048de54e526bc9c59121
1096,xml,xml/sample-1096-procurement-mixed.xml,procurement,mixed,200,anfractuous,الاستدراك,wathiqrare1096,2383,c0fe06b66e6748823692b5967821319ea67f806a393fa9dd13f02c6612fbf223
1097,xml,xml/sample-1097-finance-english.xml,finance,english,200,crepuscular,التغاير,wathiqrare1097,2110,2c6fd5741309395bf46086965f8ba35d01b792291731b1cb740b4f0bdcfbb2a0
1098,xml,xml/sample-1098-human-resources-arabic.xml,human-resources,arabic,200,psithurism,التماثل,wathiqrare1098,2599,576afafda45e36e804ca8efc36e93066f83a906d73e4d6860447839ccb654aca
1099,xml,xml/sample-1099-general-administration-mixed.xml,general-administration,mixed,200,ultracrepidarian,المضاهاة,wathiqrare1099,2301,4c406285273270ab825bb1b21fb13aa599eeb0429e0aecf7a613918144823d37
1100,xml,xml/sample-1100-asset-management-english.xml,asset-management,english,200,palimpsest,الاستيثاق,wathiqrare1100,1993,d89969aa1cda5e05baec5eb700e21ce740a44a18ebe8b005d7cbcd4c7b124ee8
1101,xml,xml/sample-1101-records-management-arabic.xml,records-management,arabic,200,quincunx,الاستعصاء,wathiqrare1101,2486,05ef2ac301d4dec3586de304b76abfca1756322ddcccdb0ade3b047421d0ca72
1102,xml,xml/sample-1102-project-management-mixed.xml,project-management,mixed,200,zeugma,التبويب,wathiqrare1102,2275,2e40079a88303e6a70a5090f403f93186b539e99170f60f975276a3d234822bb
1103,xml,xml/sample-1103-information-technology-english.xml,information-technology,english,200,syzygy,الاستدامة,wathiqrare1103,2217,b157409a2eda3ae8ca27738746b69c659127e2a6daa54c70c197edb080854453
1104,xml,xml/sample-1104-procurement-arabic.xml,procurement,arabic,200,susurrus,الاستدلال,wathiqrare1104,2655,5cf47a966e4d56faf6ef373bc96a1a62e06ed81f0612a0c370b2e9b0cefd39b3
1105,xml,xml/sample-1105-finance-mixed.xml,finance,mixed,200,velleity,الاستقراء,wathiqrare1105,2380,1be90d495021a8b8da6ddf8583edde5ec1b0c0a3cfcd22741ab1a4e0e8e5b013
1106,xml,xml/sample-1106-human-resources-english.xml,human-resources,english,200,anfractuous,الاستدراك,wathiqrare1106,2160,1d8a3a62032bb0fa9c1585ce83031810a83c3dd41d72fce70c71127c9eb4a903
1107,xml,xml/sample-1107-general-administration-arabic.xml,general-administration,arabic,200,crepuscular,التغاير,wathiqrare1107,2667,a1c687320e58af5715987ea067b39642b46b5d7d46fd8048dd703f4d2ea585a8
1108,xml,xml/sample-1108-asset-management-mixed.xml,asset-management,mixed,200,psithurism,التماثل,wathiqrare1108,2291,f3907af77bb96ac3d280234132516ff5dab07d6f330e38d22382b1ef25b17c22
1109,xml,xml/sample-1109-records-management-english.xml,records-management,english,200,ultracrepidarian,المضاهاة,wathiqrare1109,2116,638c81b80df889e40ef2ac0a8ae392dc3ff32c99fef9a3eb0bf07da95ac56a81
1110,xml,xml/sample-1110-project-management-arabic.xml,project-management,arabic,200,palimpsest,الاستيثاق,wathiqrare1110,2609,5e466d0f8b4a0dbd25a0e13a8f0e40fa7f6d172963186d76020a800aec7456f2
1111,xml,xml/sample-1111-information-technology-mixed.xml,information-technology,mixed,200,quincunx,الاستعصاء,wathiqrare1111,2413,8495e0d8ad7fcfdda5ab0935e1e506f0134947306d899c155afa0123f434b515
1112,xml,xml/sample-1112-procurement-english.xml,procurement,english,200,zeugma,التبويب,wathiqrare1112,2210,83f0f6b3eb3d7c58695b42e91ce305714e12b496bb161bec2d26d39ca2209c6f
1113,xml,xml/sample-1113-finance-arabic.xml,finance,arabic,200,syzygy,الاستدامة,wathiqrare1113,2652,91d4a34fef90b42f6059a199cf93bd89e62693688f046e2ac6079dabb289df90
1114,xml,xml/sample-1114-human-resources-mixed.xml,human-resources,mixed,200,susurrus,الاستدلال,wathiqrare1114,2367,6faab47bbc04fa7d1da02204d39c25fb67e24c447f3c24fc17ea219f556908da
1115,xml,xml/sample-1115-general-administration-english.xml,general-administration,english,200,velleity,الاستقراء,wathiqrare1115,2055,c401ac3381434fc9c1b7bbf1ea7ed38207e448410235e9ca8e3134ea1a7ae853
1116,xml,xml/sample-1116-asset-management-arabic.xml,asset-management,arabic,200,anfractuous,الاستدراك,wathiqrare1116,2576,5ab66ce57a5f566772ca1ef9cd67841d028de1a0bc0b33ce120a295ee9822ae6
1117,xml,xml/sample-1117-records-management-mixed.xml,records-management,mixed,200,crepuscular,التغاير,wathiqrare1117,2250,4104f8d36ad10bd9bc49f5153d0697e275f77b512f6c4502276c9d78eaf9bdf9
1118,xml,xml/sample-1118-project-management-english.xml,project-management,english,200,psithurism,التماثل,wathiqrare1118,2122,39fcdfa67e38c86e6c436170ae166e5549fa1061c9c5ed69e83ee2b401d5e66d
1119,xml,xml/sample-1119-information-technology-arabic.xml,information-technology,arabic,200,ultracrepidarian,المضاهاة,wathiqrare1119,2656,4d94e4fff4bd8760daa492fcd586dbfe1bbec813f99361d63e6e803d165f1448
1120,xml,xml/sample-1120-procurement-mixed.xml,procurement,mixed,200,palimpsest,الاستيثاق,wathiqrare1120,2382,d0c794da387e192f9faed1a3af3579fa499f1739da3a76f5aa29f9168cb8e027
1121,pptx,pptx/sample-1121-finance-english.pptx,finance,english,200,quincunx,الاستعصاء,wathiqrare1121,20844,fff108b925791a15f66a364739894775785a1d4873cf4a9345ac49299045743f
1122,pptx,pptx/sample-1122-human-resources-arabic.pptx,human-resources,arabic,200,zeugma,التبويب,wathiqrare1122,21104,a540d7efd3e4726ce1553f440a7e81cecfe99af749f8149e37f574f14e8f2c4e
1123,pptx,pptx/sample-1123-general-administration-mixed.pptx,general-administration,mixed,200,syzygy,الاستدامة,wathiqrare1123,20972,de1e8a13622487f5a34c78768d1afe49ee71f6110a0b25ac3178793a711dc117
1124,pptx,pptx/sample-1124-asset-management-english.pptx,asset-management,english,200,susurrus,الاستدلال,wathiqrare1124,20787,fc356dde5a75dc20e076960e33f79f81ce519a38ff72e441cbae54ac46d07455
1125,pptx,pptx/sample-1125-records-management-arabic.pptx,records-management,arabic,200,velleity,الاستقراء,wathiqrare1125,21075,1f8eda4b8a0e8f8b0f21b8ab377641b0082d5fa6b1bf936cd68c8bb7124c3550
1126,pptx,pptx/sample-1126-project-management-mixed.pptx,project-management,mixed,200,anfractuous,الاستدراك,wathiqrare1126,20983,e7669145d56de824744f0d748233acc0e11b172e26756097f4c13887b334468d
1127,pptx,pptx/sample-1127-information-technology-english.pptx,information-technology,english,200,crepuscular,التغاير,wathiqrare1127,20909,d30ebc50302981f9276265bdfd280d6974caaa14c1e3219ce5c6112617613132
1128,pptx,pptx/sample-1128-procurement-arabic.pptx,procurement,arabic,200,psithurism,التماثل,wathiqrare1128,21108,d9a463e3aa28ab7b6416651cc4e61b0227940e4583c63ee7c75e7347d8fb7973
1129,pptx,pptx/sample-1129-finance-mixed.pptx,finance,mixed,200,ultracrepidarian,المضاهاة,wathiqrare1129,21031,318ab9cf4b4bcd2ccbd03521dad9f7cbc09ca9544acf2318089d8459e6c6ac8f
1130,pptx,pptx/sample-1130-human-resources-english.pptx,human-resources,english,200,palimpsest,الاستيثاق,wathiqrare1130,20917,fbb04dab0746ff94b44c3bde0b520b8cdb51d106becd3e894ae63705812c30fc
1131,pptx,pptx/sample-1131-general-administration-arabic.pptx,general-administration,arabic,200,quincunx,الاستعصاء,wathiqrare1131,21120,71a62f8d3d85c34ef0232f3b47e3ed8f1c9c5a7d3026364cf78717b940700dbc
1132,pptx,pptx/sample-1132-asset-management-mixed.pptx,asset-management,mixed,200,zeugma,التبويب,wathiqrare1132,20944,84c71ea86414f4b2b9abb89cca2ac51702fcfced8aa305c26f5d840f04af2732
1133,pptx,pptx/sample-1133-records-management-english.pptx,records-management,english,200,syzygy,الاستدامة,wathiqrare1133,20811,38a6d7c1301e7b741b0a80297deaf97f3fa65a4db7ce11a42d87038b25f2b040
1134,pptx,pptx/sample-1134-project-management-arabic.pptx,project-management,arabic,200,susurrus,الاستدلال,wathiqrare1134,21027,79fabc8259582dbc274184def7f866fc5becbca50c1b421c91774337528ebe80
1135,pptx,pptx/sample-1135-information-technology-mixed.pptx,information-technology,mixed,200,velleity,الاستقراء,wathiqrare1135,21083,ac9395362c4c58354d6615f77fb5a105f309229d3897d6286266f753334d7e09
1136,pptx,pptx/sample-1136-procurement-english.pptx,procurement,english,200,anfractuous,الاستدراك,wathiqrare1136,20921,655dbc93f43a8b6d58b96460149d06862a61b3d3a3614ea4e564d3eb026ec9d6
1137,pptx,pptx/sample-1137-finance-arabic.pptx,finance,arabic,200,crepuscular,التغاير,wathiqrare1137,21071,697faeca86dd6cac66d1c716090c96abd2ee56f38096646d8e3526c93ce136a3
1138,pptx,pptx/sample-1138-human-resources-mixed.pptx,human-resources,mixed,200,psithurism,التماثل,wathiqrare1138,21070,df27f24de6d92b580e5157d03083b7075025b7bbcaadadaea456954bcee7e3b8
1139,pptx,pptx/sample-1139-general-administration-english.pptx,general-administration,english,200,ultracrepidarian,المضاهاة,wathiqrare1139,20845,9a9f94f982de2734b18fe7180bd8b5f94752a59fca27935779d46ea6e23a40b0
1140,pptx,pptx/sample-1140-asset-management-arabic.pptx,asset-management,arabic,200,palimpsest,الاستيثاق,wathiqrare1140,21042,3fe2356a75351f54e2af3e4f10a405454b5175a652d7d0c2bf8ecf00d6fe9eb1
1141,pptx,pptx/sample-1141-records-management-mixed.pptx,records-management,mixed,200,quincunx,الاستعصاء,wathiqrare1141,20983,352fe447a0d7e478570a65837c462707001bddafdb66fb390dbb3f402f5310d5
1142,pptx,pptx/sample-1142-project-management-english.pptx,project-management,english,200,zeugma,التبويب,wathiqrare1142,20829,635ad08c2c4e62ac08d7aaa2d9e2ef717ca6e6244847f61acf8b04a4d47d3c42
1143,pptx,pptx/sample-1143-information-technology-arabic.pptx,information-technology,arabic,200,syzygy,الاستدامة,wathiqrare1143,21148,0496452c7149cbf2b7f4668d0922da11411733141f384d5f1d37dbde9277bd70
1144,pptx,pptx/sample-1144-procurement-mixed.pptx,procurement,mixed,200,susurrus,الاستدلال,wathiqrare1144,21056,79ffb6dcd5cc812af887aa64dc8d3b729b24da847ddd2207c5b6b8b6a08c03ab
1145,pptx,pptx/sample-1145-finance-english.pptx,finance,english,200,velleity,الاستقراء,wathiqrare1145,20823,7d8e3418dcdb049a85e112597c5ec8864786f47a12a1247961609f93e34d2c9e
1146,pptx,pptx/sample-1146-human-resources-arabic.pptx,human-resources,arabic,200,anfractuous,الاستدراك,wathiqrare1146,21107,c642ae79f973b2ed8a2674826e50563c66feed1674e81cf36c6e5ab4d8ba54d0
1147,pptx,pptx/sample-1147-general-administration-mixed.pptx,general-administration,mixed,200,crepuscular,التغاير,wathiqrare1147,20975,d355055304b4c7e8a83c79ec97c58d48e6317a4a4ea86ce9df9057c710ed6ea8
1148,pptx,pptx/sample-1148-asset-management-english.pptx,asset-management,english,200,psithurism,التماثل,wathiqrare1148,20774,5165e077ab18756a5cbda647497739a82aa8125ecc62d9ee73dee17b4359f620
1149,pptx,pptx/sample-1149-records-management-arabic.pptx,records-management,arabic,200,ultracrepidarian,المضاهاة,wathiqrare1149,21061,fa5e6f7f16daedd824692ba70b995085ebe7feb2c36e696742507e9c690ecce7
1150,pptx,pptx/sample-1150-project-management-mixed.pptx,project-management,mixed,200,palimpsest,الاستيثاق,wathiqrare1150,20969,4de9af148b2e4d9bb75162620927e6c268fdc13a6db8582039bb8ec79f8de5d4
1151,pptx,pptx/sample-1151-information-technology-english.pptx,information-technology,english,200,quincunx,الاستعصاء,wathiqrare1151,20918,ef6e3eccf859a3194627e025abbae00f5f40e9e5be8b6f6bb70a126da9aa6a2e
1152,pptx,pptx/sample-1152-procurement-arabic.pptx,procurement,arabic,200,zeugma,التبويب,wathiqrare1152,21091,cc212335732babe9df970393ba5cb062e19c7600e473b72812b654d1052d47b1
1153,pptx,pptx/sample-1153-finance-mixed.pptx,finance,mixed,200,syzygy,الاستدامة,wathiqrare1153,21026,1c8071eaac7a7fbac72640fb448713b2134458ef9f491650223f89e65afac3f2
1154,pptx,pptx/sample-1154-human-resources-english.pptx,human-resources,english,200,susurrus,الاستدلال,wathiqrare1154,20994,1b25d60c89af867db61c902fb70f0401c5ccb3c08d0a4fe47f9da294da232bd2
1155,pptx,pptx/sample-1155-general-administration-arabic.pptx,general-administration,arabic,200,velleity,الاستقراء,wathiqrare1155,21122,f34d8a1d449f1b62370e14638fffcb41c9f0ecf056261c04c47fd427912164d6
1156,pptx,pptx/sample-1156-asset-management-mixed.pptx,asset-management,mixed,200,anfractuous,الاستدراك,wathiqrare1156,20945,fbd733b12ded21e1f8e80a336e6746318306ced99fc82947d924042d92845a6e
1157,pptx,pptx/sample-1157-records-management-english.pptx,records-management,english,200,crepuscular,التغاير,wathiqrare1157,20843,26b4628aecf9a0cab6b4deea37e4d736016a6b7cd53b9630097d509f55801d96
1158,pptx,pptx/sample-1158-project-management-arabic.pptx,project-management,arabic,200,psithurism,التماثل,wathiqrare1158,21047,1f603fedd0bbbd48d0d60abb96a179a5f5d2bd5922c1cc98e106e4c4268ed604
1159,pptx,pptx/sample-1159-information-technology-mixed.pptx,information-technology,mixed,200,ultracrepidarian,المضاهاة,wathiqrare1159,21082,33a350bfc922d377313056031d3f559ed22404eb3a38044bedd24e8466fcfd9e
1160,pptx,pptx/sample-1160-procurement-english.pptx,procurement,english,200,palimpsest,الاستيثاق,wathiqrare1160,20919,8b9d5c3a93dfe8963d46f2ec61157578d0c49d6a298eeb904fbac16b42dd40a9
1161,md,md/sample-1161-finance-arabic.md,finance,arabic,200,quincunx,الاستعصاء,wathiqrare1161,2434,663046a73344cdd9326dc99f77ba38e4bfb824da12250abd342c6d4cb5dd3b3c
1162,md,md/sample-1162-human-resources-mixed.md,human-resources,mixed,200,zeugma,التبويب,wathiqrare1162,2143,9823af46e8c45591da6710267b5af203e466b74686a0045c207440365af35012
1163,md,md/sample-1163-general-administration-english.md,general-administration,english,200,syzygy,الاستدامة,wathiqrare1163,1909,c9d4490b44d9ce719efed3d027f3e24efbdcb7ba60625db5509c6eb6193645ad
1164,md,md/sample-1164-asset-management-arabic.md,asset-management,arabic,200,susurrus,الاستدلال,wathiqrare1164,2296,c887f6a0b67cb0c3bdda6a64c83dbe69d908780148d9fecba47aa2b7fac67d31
1165,md,md/sample-1165-records-management-mixed.md,records-management,mixed,200,velleity,الاستقراء,wathiqrare1165,2030,7c326ddc39733d768a1462e2a27a951016d7f1440d4cfe42f7c1ac06ae283350
1166,md,md/sample-1166-project-management-english.md,project-management,english,200,anfractuous,الاستدراك,wathiqrare1166,1834,1fa71e4592eb402f561825f1c7dbb636fed53cb741095f6e122c8981553caafe
1167,md,md/sample-1167-information-technology-arabic.md,information-technology,arabic,200,crepuscular,التغاير,wathiqrare1167,2381,8bb6f97cc0266923544f85839b1d392ed692892f76ad4f3f2235ce818dedaf60
1168,md,md/sample-1168-procurement-mixed.md,procurement,mixed,200,psithurism,التماثل,wathiqrare1168,2164,68ca98b09e521da670688a1adc36d24f4d783484786203af47cefc90549a65ea
1169,md,md/sample-1169-finance-english.md,finance,english,200,ultracrepidarian,المضاهاة,wathiqrare1169,1929,428371c584feb780aac88e65aceab494a551647ee6fc9a39dcb109f11637b4aa
1170,md,md/sample-1170-human-resources-arabic.md,human-resources,arabic,200,palimpsest,الاستيثاق,wathiqrare1170,2480,a357401a945ba163ae6157e82d9c1526e8ccaff9f89d8c0d26d5e20b902c4f8c
1171,md,md/sample-1171-general-administration-mixed.md,general-administration,mixed,200,quincunx,الاستعصاء,wathiqrare1171,2070,55c02fc1752fe32c64f7dc95397ddd73b8b765e49bdaf0faa208885a8d49fce2
1172,md,md/sample-1172-asset-management-english.md,asset-management,english,200,zeugma,التبويب,wathiqrare1172,1763,a61cb9ae2bfb9bc1b6b895f68d2cb1da482fc76146a829e765b9f2f4f9aab00f
1173,md,md/sample-1173-records-management-arabic.md,records-management,arabic,200,syzygy,الاستدامة,wathiqrare1173,2248,52ee9a7622c5a0f6ccd5ad3267b9bdfd73134b4c96e75a9221137a01a98ef152
1174,md,md/sample-1174-project-management-mixed.md,project-management,mixed,200,susurrus,الاستدلال,wathiqrare1174,2060,6b2d71436e9c8b10df3d04aea74e9b3ffc72704efb8e00b9199f4ec25252ab67
1175,md,md/sample-1175-information-technology-english.md,information-technology,english,200,velleity,الاستقراء,wathiqrare1175,1906,82247308836b0d6bc44d3f60963a1f19bc0042ae0601207098c945837671acf2
1176,md,md/sample-1176-procurement-arabic.md,procurement,arabic,200,anfractuous,الاستدراك,wathiqrare1176,2448,b5fa8228a10d1583633e2d155a0c18c3df0bba0df28774d46fca3f9259cafd4e
1177,md,md/sample-1177-finance-mixed.md,finance,mixed,200,crepuscular,التغاير,wathiqrare1177,2169,54be10464ccb0a6e617112b50f5741ee02d6dc8e36c67466a81376187d2da4df
1178,md,md/sample-1178-human-resources-english.md,human-resources,english,200,psithurism,التماثل,wathiqrare1178,1921,043ad3766ea5fefbea8a36eb30c1dd464e96cb382d1436d0753170cd81276ae0
1179,md,md/sample-1179-general-administration-arabic.md,general-administration,arabic,200,ultracrepidarian,المضاهاة,wathiqrare1179,2408,2ea08f5fe9b2208caa5b959cf6979ee546503c8a5e62eaa786a1861bda0143a1
1180,md,md/sample-1180-asset-management-mixed.md,asset-management,mixed,200,palimpsest,الاستيثاق,wathiqrare1180,2076,615d45ca5d15ed60f635a0eff21134e90fe28bc8321ac3c412c14913d214c47f
1181,md,md/sample-1181-records-management-english.md,records-management,english,200,quincunx,الاستعصاء,wathiqrare1181,1810,9eb78b0b8e13a3d7f8d59443b3eabcba3f8a34e7810c9912fa28e4282302bc45
1182,md,md/sample-1182-project-management-arabic.md,project-management,arabic,200,zeugma,التبويب,wathiqrare1182,2359,459e11b74caf277abaa0f946fad0df40e7f3b1540d36c5b60924117c40895782
1183,md,md/sample-1183-information-technology-mixed.md,information-technology,mixed,200,syzygy,الاستدامة,wathiqrare1183,2186,bc07022b3c40ac552c69e455f130d0f26ced5cb14374dfb16c0d7f36add7246f
1184,md,md/sample-1184-procurement-english.md,procurement,english,200,susurrus,الاستدلال,wathiqrare1184,2026,b32c2e6fd7c5655a89654425928bf31f8e74f792c7818ca52cd3865c86c46de4
1185,md,md/sample-1185-finance-arabic.md,finance,arabic,200,velleity,الاستقراء,wathiqrare1185,2464,f72d538e58f9bdf9fc2c9be73359a9159c1894f2c9c102c7ecf3f82fddf838b7
1186,md,md/sample-1186-human-resources-mixed.md,human-resources,mixed,200,anfractuous,الاستدراك,wathiqrare1186,2152,cef71157ab638ea137c810fcce3e93604d129e8d6d36b650f51356f0ba0ba460
1187,md,md/sample-1187-general-administration-english.md,general-administration,english,200,crepuscular,التغاير,wathiqrare1187,1836,13a03fed89de39ec8af5580c9d2766c3f801ccf117b9aae74fc9032b85a515c1
1188,md,md/sample-1188-asset-management-arabic.md,asset-management,arabic,200,psithurism,التماثل,wathiqrare1188,2278,d151e3fa8b19332d8b8b5df11a941e583765c619d407759bc3eeed08df821c3e
1189,md,md/sample-1189-records-management-mixed.md,records-management,mixed,200,ultracrepidarian,المضاهاة,wathiqrare1189,2036,82e2ff8efe14bf864322b05d650bbe635f74a83184738abec3170a8986f079ca
1190,md,md/sample-1190-project-management-english.md,project-management,english,200,palimpsest,الاستيثاق,wathiqrare1190,1851,8b925725606e17a0908b99a8a5a5720ee697851cb45680a653c10c6ae9ca2ee3
1191,md,md/sample-1191-information-technology-arabic.md,information-technology,arabic,200,quincunx,الاستعصاء,wathiqrare1191,2445,d8846a93199503e5277e00cb7ce6af4fa743964bed59ccccf412ebc417dcaeb6
1192,md,md/sample-1192-procurement-mixed.md,procurement,mixed,200,zeugma,التبويب,wathiqrare1192,2160,9a919bba74e8a9edb744f07a1f5b324f9cb6519397476708660553a23ebbf776
1193,md,md/sample-1193-finance-english.md,finance,english,200,syzygy,الاستدامة,wathiqrare1193,1892,d78288ebed1825c95733bf26733a75fc66ba248576a96f0c1312ba211b643c57
1194,md,md/sample-1194-human-resources-arabic.md,human-resources,arabic,200,susurrus,الاستدلال,wathiqrare1194,2406,4adbae75821e9defab0056072f62534d70897466c545cbd74dbe61a1b3639557
1195,md,md/sample-1195-general-administration-mixed.md,general-administration,mixed,200,velleity,الاستقراء,wathiqrare1195,2070,2c554fb7e02564ea81d2cc6dee95f8326360c12539b9be352c317f7c534e28d1
1196,md,md/sample-1196-asset-management-english.md,asset-management,english,200,anfractuous,الاستدراك,wathiqrare1196,1785,f5fc8765c122a7a668ca60b69b8a6f988f50b722530d874ef7259c9a60b7353d
1197,md,md/sample-1197-records-management-arabic.md,records-management,arabic,200,crepuscular,التغاير,wathiqrare1197,2299,54b1caa8fae945772dc5ac9c616dcdcd3b260eedba99e06d4191aab635401bcb
1198,md,md/sample-1198-project-management-mixed.md,project-management,mixed,200,psithurism,التماثل,wathiqrare1198,2058,d0993b3c06bd0ae61e387d1965faec9c9f494d269d6f09f2dbbb423989174f5c
1199,md,md/sample-1199-information-technology-english.md,information-technology,english,200,ultracrepidarian,المضاهاة,wathiqrare1199,2006,140708fff427dda584a28b52473e7ea43966df52d58e8e5a6c976ce37b1de192
1200,md,md/sample-1200-procurement-arabic.md,procurement,arabic,200,palimpsest,الاستيثاق,wathiqrare1200,2486,eba774b9fa2e2c488bf5b10fb403653c97d0cf1031de9a17fadf6a0585e0c268
